fn,method,time_secs
1a90_model1_chainA_segment3_ddgp.pkl,dfs,0.0
1a90_model1_chainA_segment3_ddgp.pkl,fbs,0.0
1ax3_model1_chainA_segment9_ddgp.pkl,dfs,0.0
1ax3_model1_chainA_segment9_ddgp.pkl,fbs,0.0
1bt7_model1_chainA_segment8_ddgp.pkl,dfs,
1bt7_model1_chainA_segment8_ddgp.pkl,fbs,
1bxd_model1_chainA_segment14_ddgp.pkl,dfs,0.0
1bxd_model1_chainA_segment14_ddgp.pkl,fbs,0.0
1clh_model1_chainA_segment13_ddgp.pkl,dfs,0.0
1clh_model1_chainA_segment13_ddgp.pkl,fbs,0.0
1clh_model1_chainA_segment14_ddgp.pkl,dfs,
1clh_model1_chainA_segment14_ddgp.pkl,fbs,
1d1d_model1_chainA_segment10_ddgp.pkl,dfs,0.0
1d1d_model1_chainA_segment10_ddgp.pkl,fbs,0.0
1exh_model1_chainA_segment6_ddgp.pkl,dfs,0.0
1exh_model1_chainA_segment6_ddgp.pkl,fbs,0.0
1f8h_model1_chainA_segment0_ddgp.pkl,dfs,0.0
1f8h_model1_chainA_segment0_ddgp.pkl,fbs,0.0
1i1s_model1_chainA_segment4_ddgp.pkl,dfs,0.001111745834350586
1i1s_model1_chainA_segment4_ddgp.pkl,fbs,0.0010063648223876953
1ibx_model1_chainA_segment7_ddgp.pkl,dfs,0.0010027885437011719
1ibx_model1_chainA_segment7_ddgp.pkl,fbs,0.0
1ix5_model1_chainA_segment6_ddgp.pkl,dfs,0.0
1ix5_model1_chainA_segment6_ddgp.pkl,fbs,0.0
1jnt_model1_chainA_segment2_ddgp.pkl,dfs,0.0
1jnt_model1_chainA_segment2_ddgp.pkl,fbs,0.0
1k8h_model1_chainA_segment2_ddgp.pkl,dfs,0.0
1k8h_model1_chainA_segment2_ddgp.pkl,fbs,0.0
1k91_model1_chainA_segment2_ddgp.pkl,dfs,0.0
1k91_model1_chainA_segment2_ddgp.pkl,fbs,0.0
1kg1_model1_chainA_segment4_ddgp.pkl,dfs,0.0
1kg1_model1_chainA_segment4_ddgp.pkl,fbs,0.0
1m3g_model1_chainA_segment5_ddgp.pkl,dfs,0.01572561264038086
1m3g_model1_chainA_segment5_ddgp.pkl,fbs,0.0
1n6u_model1_chainA_segment0_ddgp.pkl,dfs,0.0
1n6u_model1_chainA_segment0_ddgp.pkl,fbs,0.0
1nwv_model1_chainA_segment9_ddgp.pkl,dfs,0.015617847442626953
1nwv_model1_chainA_segment9_ddgp.pkl,fbs,0.0
1p7m_model1_chainA_segment0_ddgp.pkl,dfs,0.0
1p7m_model1_chainA_segment0_ddgp.pkl,fbs,0.0
1p7m_model1_chainA_segment12_ddgp.pkl,dfs,
1p7m_model1_chainA_segment12_ddgp.pkl,fbs,
1t8v_model1_chainA_segment7_ddgp.pkl,dfs,0.0
1t8v_model1_chainA_segment7_ddgp.pkl,fbs,0.0
1tfq_model1_chainA_segment4_ddgp.pkl,dfs,0.0
1tfq_model1_chainA_segment4_ddgp.pkl,fbs,0.0
1v5t_model1_chainA_segment3_ddgp.pkl,dfs,0.0
1v5t_model1_chainA_segment3_ddgp.pkl,fbs,0.0
1wex_model1_chainA_segment5_ddgp.pkl,dfs,0.0
1wex_model1_chainA_segment5_ddgp.pkl,fbs,0.0
1x5y_model1_chainA_segment4_ddgp.pkl,dfs,0.0
1x5y_model1_chainA_segment4_ddgp.pkl,fbs,0.0
1ysx_model1_chainA_segment2_ddgp.pkl,dfs,0.0008678436279296875
1ysx_model1_chainA_segment2_ddgp.pkl,fbs,0.0
1yxe_model1_chainA_segment2_ddgp.pkl,dfs,0.0
1yxe_model1_chainA_segment2_ddgp.pkl,fbs,0.0
1zub_model1_chainA_segment7_ddgp.pkl,dfs,0.0011036396026611328
1zub_model1_chainA_segment7_ddgp.pkl,fbs,0.0
2b7v_model1_chainA_segment3_ddgp.pkl,dfs,0.0
2b7v_model1_chainA_segment3_ddgp.pkl,fbs,0.00516200065612793
2cop_model1_chainA_segment6_ddgp.pkl,dfs,0.0
2cop_model1_chainA_segment6_ddgp.pkl,fbs,0.0
2d9o_model1_chainA_segment6_ddgp.pkl,dfs,0.01572418212890625
2d9o_model1_chainA_segment6_ddgp.pkl,fbs,0.0010571479797363281
2dk2_model1_chainA_segment3_ddgp.pkl,dfs,0.0
2dk2_model1_chainA_segment3_ddgp.pkl,fbs,0.0
2dkp_model1_chainA_segment4_ddgp.pkl,dfs,0.0
2dkp_model1_chainA_segment4_ddgp.pkl,fbs,0.0
2ee0_model1_chainA_segment1_ddgp.pkl,dfs,
2ee0_model1_chainA_segment1_ddgp.pkl,fbs,
2env_model1_chainA_segment1_ddgp.pkl,dfs,0.0
2env_model1_chainA_segment1_ddgp.pkl,fbs,0.0
2erm_model1_chainA_segment8_ddgp.pkl,dfs,0.0
2erm_model1_chainA_segment8_ddgp.pkl,fbs,0.0
2gqb_model1_chainA_segment0_ddgp.pkl,dfs,0.0010056495666503906
2gqb_model1_chainA_segment0_ddgp.pkl,fbs,0.00099945068359375
2j52_model1_chainA_segment1_ddgp.pkl,dfs,0.0
2j52_model1_chainA_segment1_ddgp.pkl,fbs,0.0
2jog_model1_chainA_segment4_ddgp.pkl,dfs,0.0009770393371582031
2jog_model1_chainA_segment4_ddgp.pkl,fbs,0.0010063648223876953
2k6g_model1_chainA_segment1_ddgp.pkl,dfs,0.0
2k6g_model1_chainA_segment1_ddgp.pkl,fbs,0.0011029243469238281
2k6h_model1_chainA_segment4_ddgp.pkl,dfs,
2k6h_model1_chainA_segment4_ddgp.pkl,fbs,
2kgl_model1_chainA_segment1_ddgp.pkl,dfs,0.0
2kgl_model1_chainA_segment1_ddgp.pkl,fbs,0.0
2klf_model1_chainA_segment21_ddgp.pkl,dfs,0.0
2klf_model1_chainA_segment21_ddgp.pkl,fbs,0.0
2kxv_model1_chainA_segment12_ddgp.pkl,dfs,0.0
2kxv_model1_chainA_segment12_ddgp.pkl,fbs,0.0
2kzh_model1_chainA_segment4_ddgp.pkl,dfs,0.0010001659393310547
2kzh_model1_chainA_segment4_ddgp.pkl,fbs,0.0
2l3q_model1_chainA_segment0_ddgp.pkl,dfs,0.0
2l3q_model1_chainA_segment0_ddgp.pkl,fbs,0.004921674728393555
2la8_model1_chainA_segment1_ddgp.pkl,dfs,0.0
2la8_model1_chainA_segment1_ddgp.pkl,fbs,0.0010714530944824219
2len_model1_chainA_segment0_ddgp.pkl,dfs,0.0
2len_model1_chainA_segment0_ddgp.pkl,fbs,0.0009691715240478516
2lgp_model1_chainA_segment0_ddgp.pkl,dfs,0.0
2lgp_model1_chainA_segment0_ddgp.pkl,fbs,0.0
2lle_model1_chainA_segment15_ddgp.pkl,dfs,0.0
2lle_model1_chainA_segment15_ddgp.pkl,fbs,0.0
2loe_model1_chainA_segment0_ddgp.pkl,dfs,0.0
2loe_model1_chainA_segment0_ddgp.pkl,fbs,0.0
2m17_model1_chainA_segment3_ddgp.pkl,dfs,0.0
2m17_model1_chainA_segment3_ddgp.pkl,fbs,0.0
2mim_model1_chainA_segment10_ddgp.pkl,dfs,0.0
2mim_model1_chainA_segment10_ddgp.pkl,fbs,0.0
2mmp_model1_chainA_segment0_ddgp.pkl,dfs,0.0
2mmp_model1_chainA_segment0_ddgp.pkl,fbs,0.0
2ms3_model1_chainA_segment4_ddgp.pkl,dfs,0.0
2ms3_model1_chainA_segment4_ddgp.pkl,fbs,0.0
2mvf_model1_chainA_segment5_ddgp.pkl,dfs,0.0
2mvf_model1_chainA_segment5_ddgp.pkl,fbs,0.0
2mvz_model1_chainA_segment0_ddgp.pkl,dfs,0.0
2mvz_model1_chainA_segment0_ddgp.pkl,fbs,0.0
2mvz_model1_chainA_segment5_ddgp.pkl,dfs,0.0
2mvz_model1_chainA_segment5_ddgp.pkl,fbs,0.004609584808349609
2n03_model1_chainA_segment1_ddgp.pkl,dfs,
2n03_model1_chainA_segment1_ddgp.pkl,fbs,
2n1a_model1_chainA_segment8_ddgp.pkl,dfs,
2n1a_model1_chainA_segment8_ddgp.pkl,fbs,
2n87_model1_chainA_segment4_ddgp.pkl,dfs,0.0
2n87_model1_chainA_segment4_ddgp.pkl,fbs,0.0
2n87_model1_chainA_segment7_ddgp.pkl,dfs,0.0
2n87_model1_chainA_segment7_ddgp.pkl,fbs,0.0
2p3m_model1_chainA_segment9_ddgp.pkl,dfs,0.0
2p3m_model1_chainA_segment9_ddgp.pkl,fbs,0.0
2xbd_model1_chainA_segment5_ddgp.pkl,dfs,0.0
2xbd_model1_chainA_segment5_ddgp.pkl,fbs,0.0
5jpw_model1_chainA_segment6_ddgp.pkl,dfs,0.0
5jpw_model1_chainA_segment6_ddgp.pkl,fbs,0.0
5ms9_model1_chainA_segment2_ddgp.pkl,dfs,0.0003666877746582031
5ms9_model1_chainA_segment2_ddgp.pkl,fbs,0.0011036396026611328
6bho_model1_chainA_segment6_ddgp.pkl,dfs,0.0
6bho_model1_chainA_segment6_ddgp.pkl,fbs,0.0
6ee9_model1_chainX_segment0_ddgp.pkl,dfs,0.0004665851593017578
6ee9_model1_chainX_segment0_ddgp.pkl,fbs,0.0
6fe6_model1_chainA_segment8_ddgp.pkl,dfs,
6fe6_model1_chainA_segment8_ddgp.pkl,fbs,
6h5h_model1_chainA_segment0_ddgp.pkl,dfs,
6h5h_model1_chainA_segment0_ddgp.pkl,fbs,
6tze_model1_chainA_segment5_ddgp.pkl,dfs,0.0
6tze_model1_chainA_segment5_ddgp.pkl,fbs,0.0
6yq5_model1_chainA_segment9_ddgp.pkl,dfs,0.0
6yq5_model1_chainA_segment9_ddgp.pkl,fbs,0.0
7ta8_model1_chainA_segment11_ddgp.pkl,dfs,
7ta8_model1_chainA_segment11_ddgp.pkl,fbs,
1ag2_model1_chainA_segment1_ddgp.pkl,dfs,0.0
1ag2_model1_chainA_segment1_ddgp.pkl,fbs,0.0
1aty_model1_chainA_segment4_ddgp.pkl,dfs,
1aty_model1_chainA_segment4_ddgp.pkl,fbs,
1bbg_model1_chainA_segment0_ddgp.pkl,dfs,0.0
1bbg_model1_chainA_segment0_ddgp.pkl,fbs,0.016445636749267578
1c20_model1_chainA_segment2_ddgp.pkl,dfs,0.0
1c20_model1_chainA_segment2_ddgp.pkl,fbs,0.0
1edx_model1_chainA_segment0_ddgp.pkl,dfs,
1edx_model1_chainA_segment0_ddgp.pkl,fbs,
1fr0_model1_chainA_segment6_ddgp.pkl,dfs,
1fr0_model1_chainA_segment6_ddgp.pkl,fbs,
1ggr_model1_chainA_segment3_ddgp.pkl,dfs,0.00174713134765625
1ggr_model1_chainA_segment3_ddgp.pkl,fbs,0.0
1i5t_model1_chainA_segment0_ddgp.pkl,dfs,
1i5t_model1_chainA_segment0_ddgp.pkl,fbs,
1iry_model1_chainA_segment2_ddgp.pkl,dfs,
1iry_model1_chainA_segment2_ddgp.pkl,fbs,
1k42_model1_chainA_segment1_ddgp.pkl,dfs,
1k42_model1_chainA_segment1_ddgp.pkl,fbs,
1l3n_model1_chainA_segment4_ddgp.pkl,dfs,0.0
1l3n_model1_chainA_segment4_ddgp.pkl,fbs,0.0
1m3g_model1_chainA_segment1_ddgp.pkl,dfs,
1m3g_model1_chainA_segment1_ddgp.pkl,fbs,
1sa8_model1_chainA_segment6_ddgp.pkl,dfs,0.0
1sa8_model1_chainA_segment6_ddgp.pkl,fbs,0.0
1sqr_model1_chainA_segment0_ddgp.pkl,dfs,
1sqr_model1_chainA_segment0_ddgp.pkl,fbs,
1ulo_model1_chainA_segment5_ddgp.pkl,dfs,
1ulo_model1_chainA_segment5_ddgp.pkl,fbs,
1wg5_model1_chainA_segment4_ddgp.pkl,dfs,
1wg5_model1_chainA_segment4_ddgp.pkl,fbs,
1y2s_model1_chainA_segment1_ddgp.pkl,dfs,0.0
1y2s_model1_chainA_segment1_ddgp.pkl,fbs,0.0
1yjj_model1_chainA_segment9_ddgp.pkl,dfs,0.0
1yjj_model1_chainA_segment9_ddgp.pkl,fbs,0.0
2aiv_model1_chainA_segment6_ddgp.pkl,dfs,
2aiv_model1_chainA_segment6_ddgp.pkl,fbs,
2bbx_model1_chainA_segment0_ddgp.pkl,dfs,
2bbx_model1_chainA_segment0_ddgp.pkl,fbs,
2cfj_model1_chainA_segment0_ddgp.pkl,dfs,
2cfj_model1_chainA_segment0_ddgp.pkl,fbs,
2cry_model1_chainA_segment7_ddgp.pkl,dfs,
2cry_model1_chainA_segment7_ddgp.pkl,fbs,
2cs0_model1_chainA_segment1_ddgp.pkl,dfs,
2cs0_model1_chainA_segment1_ddgp.pkl,fbs,
2d3j_model1_chainA_segment5_ddgp.pkl,dfs,
2d3j_model1_chainA_segment5_ddgp.pkl,fbs,
2d9o_model1_chainA_segment4_ddgp.pkl,dfs,
2d9o_model1_chainA_segment4_ddgp.pkl,fbs,
2dkp_model1_chainA_segment1_ddgp.pkl,dfs,
2dkp_model1_chainA_segment1_ddgp.pkl,fbs,
2dm4_model1_chainA_segment2_ddgp.pkl,dfs,0.0
2dm4_model1_chainA_segment2_ddgp.pkl,fbs,0.0
2ed7_model1_chainA_segment3_ddgp.pkl,dfs,0.0
2ed7_model1_chainA_segment3_ddgp.pkl,fbs,0.0
2eyx_model1_chainA_segment0_ddgp.pkl,dfs,
2eyx_model1_chainA_segment0_ddgp.pkl,fbs,
2f3i_model1_chainA_segment3_ddgp.pkl,dfs,0.0
2f3i_model1_chainA_segment3_ddgp.pkl,fbs,0.0
2fb7_model1_chainA_segment2_ddgp.pkl,dfs,
2fb7_model1_chainA_segment2_ddgp.pkl,fbs,
2fjl_model1_chainA_segment0_ddgp.pkl,dfs,
2fjl_model1_chainA_segment0_ddgp.pkl,fbs,
2fvt_model1_chainA_segment3_ddgp.pkl,dfs,
2fvt_model1_chainA_segment3_ddgp.pkl,fbs,
2gfr_model1_chainA_segment0_ddgp.pkl,dfs,0.0
2gfr_model1_chainA_segment0_ddgp.pkl,fbs,0.0
2h2m_model1_chainA_segment2_ddgp.pkl,dfs,0.0
2h2m_model1_chainA_segment2_ddgp.pkl,fbs,0.0
2i83_model1_chainA_segment5_ddgp.pkl,dfs,0.0
2i83_model1_chainA_segment5_ddgp.pkl,fbs,0.015595197677612305
2jwk_model1_chainA_segment2_ddgp.pkl,dfs,
2jwk_model1_chainA_segment2_ddgp.pkl,fbs,
2jwl_model1_chainA_segment2_ddgp.pkl,dfs,
2jwl_model1_chainA_segment2_ddgp.pkl,fbs,
2jwl_model1_chainA_segment4_ddgp.pkl,dfs,
2jwl_model1_chainA_segment4_ddgp.pkl,fbs,
2jx4_model1_chainA_segment1_ddgp.pkl,dfs,
2jx4_model1_chainA_segment1_ddgp.pkl,fbs,
2jyt_model1_chainA_segment4_ddgp.pkl,dfs,0.0
2jyt_model1_chainA_segment4_ddgp.pkl,fbs,0.0
2k21_model1_chainA_segment4_ddgp.pkl,dfs,
2k21_model1_chainA_segment4_ddgp.pkl,fbs,
2k3n_model1_chainA_segment6_ddgp.pkl,dfs,
2k3n_model1_chainA_segment6_ddgp.pkl,fbs,
2k4t_model1_chainA_segment12_ddgp.pkl,dfs,
2k4t_model1_chainA_segment12_ddgp.pkl,fbs,
2khw_model1_chainA_segment1_ddgp.pkl,dfs,0.0
2khw_model1_chainA_segment1_ddgp.pkl,fbs,0.0
2kjz_model1_chainA_segment2_ddgp.pkl,dfs,
2kjz_model1_chainA_segment2_ddgp.pkl,fbs,
2klf_model1_chainA_segment8_ddgp.pkl,dfs,
2klf_model1_chainA_segment8_ddgp.pkl,fbs,
2kpl_model1_chainA_segment5_ddgp.pkl,dfs,
2kpl_model1_chainA_segment5_ddgp.pkl,fbs,
2ku4_model1_chainA_segment1_ddgp.pkl,dfs,0.0
2ku4_model1_chainA_segment1_ddgp.pkl,fbs,0.0
2kxe_model1_chainA_segment1_ddgp.pkl,dfs,
2kxe_model1_chainA_segment1_ddgp.pkl,fbs,
2l0a_model1_chainA_segment3_ddgp.pkl,dfs,0.0
2l0a_model1_chainA_segment3_ddgp.pkl,fbs,0.01562666893005371
2l7s_model1_chainA_segment1_ddgp.pkl,dfs,0.0
2l7s_model1_chainA_segment1_ddgp.pkl,fbs,0.0
2l8s_model1_chainA_segment2_ddgp.pkl,dfs,
2l8s_model1_chainA_segment2_ddgp.pkl,fbs,
2lfw_model1_chainA_segment3_ddgp.pkl,dfs,
2lfw_model1_chainA_segment3_ddgp.pkl,fbs,
2lg6_model1_chainA_segment1_ddgp.pkl,dfs,
2lg6_model1_chainA_segment1_ddgp.pkl,fbs,
2lg7_model1_chainA_segment0_ddgp.pkl,dfs,0.0
2lg7_model1_chainA_segment0_ddgp.pkl,fbs,0.0
2li9_model1_chainA_segment0_ddgp.pkl,dfs,0.0
2li9_model1_chainA_segment0_ddgp.pkl,fbs,0.0
2lkd_model1_chainA_segment2_ddgp.pkl,dfs,
2lkd_model1_chainA_segment2_ddgp.pkl,fbs,
2lkm_model1_chainA_segment0_ddgp.pkl,dfs,0.0
2lkm_model1_chainA_segment0_ddgp.pkl,fbs,0.0
2lla_model1_chainA_segment3_ddgp.pkl,dfs,0.0
2lla_model1_chainA_segment3_ddgp.pkl,fbs,0.0
2lme_model1_chainA_segment1_ddgp.pkl,dfs,
2lme_model1_chainA_segment1_ddgp.pkl,fbs,
2lpv_model1_chainA_segment3_ddgp.pkl,dfs,
2lpv_model1_chainA_segment3_ddgp.pkl,fbs,
2lpv_model1_chainA_segment9_ddgp.pkl,dfs,0.0
2lpv_model1_chainA_segment9_ddgp.pkl,fbs,0.0
2lpx_model1_chainA_segment10_ddgp.pkl,dfs,
2lpx_model1_chainA_segment10_ddgp.pkl,fbs,
2lsu_model1_chainA_segment8_ddgp.pkl,dfs,
2lsu_model1_chainA_segment8_ddgp.pkl,fbs,
2mwx_model1_chainA_segment3_ddgp.pkl,dfs,0.0
2mwx_model1_chainA_segment3_ddgp.pkl,fbs,0.0
2mx7_model1_chainA_segment4_ddgp.pkl,dfs,
2mx7_model1_chainA_segment4_ddgp.pkl,fbs,
2myu_model1_chainA_segment5_ddgp.pkl,dfs,
2myu_model1_chainA_segment5_ddgp.pkl,fbs,
2n02_model1_chainA_segment1_ddgp.pkl,dfs,
2n02_model1_chainA_segment1_ddgp.pkl,fbs,
2n1b_model1_chainA_segment10_ddgp.pkl,dfs,0.0
2n1b_model1_chainA_segment10_ddgp.pkl,fbs,0.0
2n84_model1_chainA_segment3_ddgp.pkl,dfs,
2n84_model1_chainA_segment3_ddgp.pkl,fbs,
2oq3_model1_chainA_segment3_ddgp.pkl,dfs,0.0
2oq3_model1_chainA_segment3_ddgp.pkl,fbs,0.0
2p3m_model1_chainA_segment5_ddgp.pkl,dfs,
2p3m_model1_chainA_segment5_ddgp.pkl,fbs,
2v37_model1_chainA_segment7_ddgp.pkl,dfs,
2v37_model1_chainA_segment7_ddgp.pkl,fbs,
2ys1_model1_chainA_segment0_ddgp.pkl,dfs,0.0
2ys1_model1_chainA_segment0_ddgp.pkl,fbs,0.015618562698364258
2ysx_model1_chainA_segment0_ddgp.pkl,dfs,
2ysx_model1_chainA_segment0_ddgp.pkl,fbs,
5lv6_model1_chainA_segment0_ddgp.pkl,dfs,
5lv6_model1_chainA_segment0_ddgp.pkl,fbs,
5yj5_model1_chainA_segment4_ddgp.pkl,dfs,
5yj5_model1_chainA_segment4_ddgp.pkl,fbs,
6lzp_model1_chainA_segment1_ddgp.pkl,dfs,0.0
6lzp_model1_chainA_segment1_ddgp.pkl,fbs,0.0
6nw8_model1_chainA_segment3_ddgp.pkl,dfs,
6nw8_model1_chainA_segment3_ddgp.pkl,fbs,
6qeb_model1_chainA_segment9_ddgp.pkl,dfs,0.0
6qeb_model1_chainA_segment9_ddgp.pkl,fbs,0.0060350894927978516
7qlf_model1_chainA_segment1_ddgp.pkl,dfs,
7qlf_model1_chainA_segment1_ddgp.pkl,fbs,
8s9y_model1_chainA_segment3_ddgp.pkl,dfs,
8s9y_model1_chainA_segment3_ddgp.pkl,fbs,
1bld_model1_chainA_segment1_ddgp.pkl,dfs,0.0
1bld_model1_chainA_segment1_ddgp.pkl,fbs,0.0
1ccf_model1_chainA_segment0_ddgp.pkl,dfs,0.0
1ccf_model1_chainA_segment0_ddgp.pkl,fbs,0.0
1jcu_model1_chainA_segment9_ddgp.pkl,dfs,
1jcu_model1_chainA_segment9_ddgp.pkl,fbs,
1jok_model1_chainA_segment4_ddgp.pkl,dfs,0.0011334419250488281
1jok_model1_chainA_segment4_ddgp.pkl,fbs,0.0
1y3j_model1_chainA_segment4_ddgp.pkl,dfs,
1y3j_model1_chainA_segment4_ddgp.pkl,fbs,
2bc7_model1_chainA_segment0_ddgp.pkl,dfs,
2bc7_model1_chainA_segment0_ddgp.pkl,fbs,
2jqv_model1_chainA_segment2_ddgp.pkl,dfs,0.0
2jqv_model1_chainA_segment2_ddgp.pkl,fbs,0.0
2kty_model1_chainA_segment20_ddgp.pkl,dfs,0.0
2kty_model1_chainA_segment20_ddgp.pkl,fbs,0.0
2kty_model1_chainA_segment24_ddgp.pkl,dfs,
2kty_model1_chainA_segment24_ddgp.pkl,fbs,
2l1h_model1_chainA_segment1_ddgp.pkl,dfs,0.0
2l1h_model1_chainA_segment1_ddgp.pkl,fbs,0.0
2mou_model1_chainA_segment10_ddgp.pkl,dfs,
2mou_model1_chainA_segment10_ddgp.pkl,fbs,
2mvb_model1_chainA_segment2_ddgp.pkl,dfs,
2mvb_model1_chainA_segment2_ddgp.pkl,fbs,
7p5g_model1_chainA_segment1_ddgp.pkl,dfs,
7p5g_model1_chainA_segment1_ddgp.pkl,fbs,
1m8l_model1_chainA_segment8_ddgp.pkl,dfs,
1m8l_model1_chainA_segment8_ddgp.pkl,fbs,
1b10_model1_chainA_segment0_ddgp.pkl,dfs,
1b10_model1_chainA_segment0_ddgp.pkl,fbs,
1bld_model1_chainA_segment0_ddgp.pkl,dfs,0.0
1bld_model1_chainA_segment0_ddgp.pkl,fbs,0.0
1bno_model1_chainA_segment1_ddgp.pkl,dfs,0.0
1bno_model1_chainA_segment1_ddgp.pkl,fbs,0.0
1dx0_model1_chainA_segment0_ddgp.pkl,dfs,
1dx0_model1_chainA_segment0_ddgp.pkl,fbs,
1dx8_model1_chainA_segment0_ddgp.pkl,dfs,0.0
1dx8_model1_chainA_segment0_ddgp.pkl,fbs,0.0
1gyf_model1_chainA_segment1_ddgp.pkl,dfs,0.0
1gyf_model1_chainA_segment1_ddgp.pkl,fbs,0.0
1ik0_model1_chainA_segment4_ddgp.pkl,dfs,0.0
1ik0_model1_chainA_segment4_ddgp.pkl,fbs,0.0
1kfh_model1_chainA_segment3_ddgp.pkl,dfs,0.0
1kfh_model1_chainA_segment3_ddgp.pkl,fbs,0.0
1kv4_model1_chainA_segment2_ddgp.pkl,dfs,
1kv4_model1_chainA_segment2_ddgp.pkl,fbs,
1quw_model1_chainA_segment7_ddgp.pkl,dfs,0.0
1quw_model1_chainA_segment7_ddgp.pkl,fbs,0.0
1r5s_model1_chainA_segment2_ddgp.pkl,dfs,0.0
1r5s_model1_chainA_segment2_ddgp.pkl,fbs,0.0
1wr1_model1_chainA_segment3_ddgp.pkl,dfs,0.0
1wr1_model1_chainA_segment3_ddgp.pkl,fbs,0.014106273651123047
1yop_model1_chainA_segment5_ddgp.pkl,dfs,
1yop_model1_chainA_segment5_ddgp.pkl,fbs,
1ysf_model1_chainA_segment0_ddgp.pkl,dfs,0.0
1ysf_model1_chainA_segment0_ddgp.pkl,fbs,0.0
2aiz_model1_chainP_segment1_ddgp.pkl,dfs,
2aiz_model1_chainP_segment1_ddgp.pkl,fbs,
2aiz_model1_chainP_segment6_ddgp.pkl,dfs,
2aiz_model1_chainP_segment6_ddgp.pkl,fbs,
2btx_model1_chainA_segment4_ddgp.pkl,dfs,0.0
2btx_model1_chainA_segment4_ddgp.pkl,fbs,0.0
2c6a_model1_chainA_segment0_ddgp.pkl,dfs,0.0
2c6a_model1_chainA_segment0_ddgp.pkl,fbs,0.0
2d99_model1_chainA_segment3_ddgp.pkl,dfs,0.0
2d99_model1_chainA_segment3_ddgp.pkl,fbs,0.0
2dkl_model1_chainA_segment4_ddgp.pkl,dfs,0.0
2dkl_model1_chainA_segment4_ddgp.pkl,fbs,0.0
2ebw_model1_chainA_segment5_ddgp.pkl,dfs,0.0
2ebw_model1_chainA_segment5_ddgp.pkl,fbs,0.0
2fft_model1_chainA_segment5_ddgp.pkl,dfs,0.0
2fft_model1_chainA_segment5_ddgp.pkl,fbs,0.0
2hm6_model1_chainA_segment2_ddgp.pkl,dfs,
2hm6_model1_chainA_segment2_ddgp.pkl,fbs,
2j4m_model1_chainA_segment8_ddgp.pkl,dfs,
2j4m_model1_chainA_segment8_ddgp.pkl,fbs,
2jqy_model1_chainA_segment17_ddgp.pkl,dfs,0.0
2jqy_model1_chainA_segment17_ddgp.pkl,fbs,0.0
2kb9_model1_chainA_segment4_ddgp.pkl,dfs,0.0
2kb9_model1_chainA_segment4_ddgp.pkl,fbs,0.0
2ki8_model1_chainA_segment3_ddgp.pkl,dfs,0.0
2ki8_model1_chainA_segment3_ddgp.pkl,fbs,0.0
2kx9_model1_chainA_segment13_ddgp.pkl,dfs,0.0
2kx9_model1_chainA_segment13_ddgp.pkl,fbs,0.0
2l7z_model1_chainA_segment1_ddgp.pkl,dfs,0.0
2l7z_model1_chainA_segment1_ddgp.pkl,fbs,0.0
2lit_model1_chainA_segment4_ddgp.pkl,dfs,
2lit_model1_chainA_segment4_ddgp.pkl,fbs,
2m9p_model1_chainA_segment3_ddgp.pkl,dfs,
2m9p_model1_chainA_segment3_ddgp.pkl,fbs,
2n62_model1_chainL_segment4_ddgp.pkl,dfs,
2n62_model1_chainL_segment4_ddgp.pkl,fbs,
2n7a_model1_chainA_segment3_ddgp.pkl,dfs,0.0
2n7a_model1_chainA_segment3_ddgp.pkl,fbs,0.0
2ys5_model1_chainA_segment8_ddgp.pkl,dfs,0.0
2ys5_model1_chainA_segment8_ddgp.pkl,fbs,0.0
5x35_model1_chainA_segment0_ddgp.pkl,dfs,0.015609264373779297
5x35_model1_chainA_segment0_ddgp.pkl,fbs,0.0
6ivu_model1_chainA_segment0_ddgp.pkl,dfs,0.008126497268676758
6ivu_model1_chainA_segment0_ddgp.pkl,fbs,0.0
6ttc_model1_chainA_segment3_ddgp.pkl,dfs,
6ttc_model1_chainA_segment3_ddgp.pkl,fbs,
7ta8_model1_chainA_segment10_ddgp.pkl,dfs,0.0
7ta8_model1_chainA_segment10_ddgp.pkl,fbs,0.0
1bxp_model1_chainA_segment3_ddgp.pkl,dfs,0.0031890869140625
1bxp_model1_chainA_segment3_ddgp.pkl,fbs,0.0010099411010742188
1emn_model1_chainA_segment1_ddgp.pkl,dfs,
1emn_model1_chainA_segment1_ddgp.pkl,fbs,
1fry_model1_chainA_segment1_ddgp.pkl,dfs,0.0
1fry_model1_chainA_segment1_ddgp.pkl,fbs,0.0
1ggr_model1_chainA_segment4_ddgp.pkl,dfs,0.0
1ggr_model1_chainA_segment4_ddgp.pkl,fbs,0.01562643051147461
1k76_model1_chainA_segment5_ddgp.pkl,dfs,
1k76_model1_chainA_segment5_ddgp.pkl,fbs,
1kn7_model1_chainA_segment1_ddgp.pkl,dfs,0.0
1kn7_model1_chainA_segment1_ddgp.pkl,fbs,0.0
1lm0_model1_chainA_segment1_ddgp.pkl,dfs,
1lm0_model1_chainA_segment1_ddgp.pkl,fbs,
1n4y_model1_chainA_segment4_ddgp.pkl,dfs,
1n4y_model1_chainA_segment4_ddgp.pkl,fbs,
1q7j_model1_chainA_segment5_ddgp.pkl,dfs,0.0
1q7j_model1_chainA_segment5_ddgp.pkl,fbs,0.0
1rqs_model1_chainA_segment3_ddgp.pkl,dfs,
1rqs_model1_chainA_segment3_ddgp.pkl,fbs,
1tfq_model1_chainA_segment1_ddgp.pkl,dfs,0.0
1tfq_model1_chainA_segment1_ddgp.pkl,fbs,0.011906147003173828
1v4r_model1_chainA_segment3_ddgp.pkl,dfs,
1v4r_model1_chainA_segment3_ddgp.pkl,fbs,
1v5t_model1_chainA_segment0_ddgp.pkl,dfs,0.0
1v5t_model1_chainA_segment0_ddgp.pkl,fbs,0.0
1v5t_model1_chainA_segment5_ddgp.pkl,dfs,0.0
1v5t_model1_chainA_segment5_ddgp.pkl,fbs,0.0
1x05_model1_chainA_segment2_ddgp.pkl,dfs,0.0
1x05_model1_chainA_segment2_ddgp.pkl,fbs,0.015558242797851562
1xu6_model1_chainA_segment4_ddgp.pkl,dfs,
1xu6_model1_chainA_segment4_ddgp.pkl,fbs,
2d9n_model1_chainA_segment5_ddgp.pkl,dfs,
2d9n_model1_chainA_segment5_ddgp.pkl,fbs,
2dlp_model1_chainA_segment2_ddgp.pkl,dfs,
2dlp_model1_chainA_segment2_ddgp.pkl,fbs,
2fvt_model1_chainA_segment4_ddgp.pkl,dfs,0.0
2fvt_model1_chainA_segment4_ddgp.pkl,fbs,0.0
2gm2_model1_chainA_segment5_ddgp.pkl,dfs,0.0
2gm2_model1_chainA_segment5_ddgp.pkl,fbs,0.0034341812133789062
2hm9_model1_chainA_segment2_ddgp.pkl,dfs,
2hm9_model1_chainA_segment2_ddgp.pkl,fbs,
2k1q_model1_chainA_segment5_ddgp.pkl,dfs,
2k1q_model1_chainA_segment5_ddgp.pkl,fbs,
2k5k_model1_chainA_segment2_ddgp.pkl,dfs,
2k5k_model1_chainA_segment2_ddgp.pkl,fbs,
2kcu_model1_chainA_segment4_ddgp.pkl,dfs,
2kcu_model1_chainA_segment4_ddgp.pkl,fbs,
2kke_model1_chainA_segment0_ddgp.pkl,dfs,0.0
2kke_model1_chainA_segment0_ddgp.pkl,fbs,0.0
2km2_model1_chainA_segment4_ddgp.pkl,dfs,
2km2_model1_chainA_segment4_ddgp.pkl,fbs,
2koj_model1_chainA_segment10_ddgp.pkl,dfs,
2koj_model1_chainA_segment10_ddgp.pkl,fbs,
2kx9_model1_chainA_segment27_ddgp.pkl,dfs,
2kx9_model1_chainA_segment27_ddgp.pkl,fbs,
2l21_model1_chainA_segment4_ddgp.pkl,dfs,
2l21_model1_chainA_segment4_ddgp.pkl,fbs,
2l54_model1_chainA_segment4_ddgp.pkl,dfs,
2l54_model1_chainA_segment4_ddgp.pkl,fbs,
2lkd_model1_chainA_segment4_ddgp.pkl,dfs,0.0
2lkd_model1_chainA_segment4_ddgp.pkl,fbs,0.0
2m17_model1_chainA_segment0_ddgp.pkl,dfs,
2m17_model1_chainA_segment0_ddgp.pkl,fbs,
2m83_model1_chainA_segment3_ddgp.pkl,dfs,
2m83_model1_chainA_segment3_ddgp.pkl,fbs,
2maf_model1_chainA_segment7_ddgp.pkl,dfs,0.0
2maf_model1_chainA_segment7_ddgp.pkl,fbs,0.0
2mlk_model1_chainA_segment9_ddgp.pkl,dfs,
2mlk_model1_chainA_segment9_ddgp.pkl,fbs,
2n6p_model1_chainA_segment1_ddgp.pkl,dfs,
2n6p_model1_chainA_segment1_ddgp.pkl,fbs,
2ncs_model1_chainA_segment1_ddgp.pkl,dfs,
2ncs_model1_chainA_segment1_ddgp.pkl,fbs,
2oq3_model1_chainA_segment2_ddgp.pkl,dfs,
2oq3_model1_chainA_segment2_ddgp.pkl,fbs,
2po8_model1_chainA_segment1_ddgp.pkl,dfs,0.0
2po8_model1_chainA_segment1_ddgp.pkl,fbs,0.0
2vda_model1_chainA_segment41_ddgp.pkl,dfs,
2vda_model1_chainA_segment41_ddgp.pkl,fbs,
2yqr_model1_chainA_segment1_ddgp.pkl,dfs,
2yqr_model1_chainA_segment1_ddgp.pkl,fbs,
5jyv_model1_chainA_segment6_ddgp.pkl,dfs,
5jyv_model1_chainA_segment6_ddgp.pkl,fbs,
6o22_model1_chainA_segment5_ddgp.pkl,dfs,
6o22_model1_chainA_segment5_ddgp.pkl,fbs,
6tze_model1_chainA_segment0_ddgp.pkl,dfs,
6tze_model1_chainA_segment0_ddgp.pkl,fbs,
6xyi_model1_chainA_segment1_ddgp.pkl,dfs,0.0
6xyi_model1_chainA_segment1_ddgp.pkl,fbs,0.0
6yq5_model1_chainA_segment1_ddgp.pkl,dfs,
6yq5_model1_chainA_segment1_ddgp.pkl,fbs,
7pvc_model1_chainA_segment4_ddgp.pkl,dfs,
7pvc_model1_chainA_segment4_ddgp.pkl,fbs,
8oil_model1_chainA_segment3_ddgp.pkl,dfs,
8oil_model1_chainA_segment3_ddgp.pkl,fbs,
1cl3_model1_chainA_segment6_ddgp.pkl,dfs,
1cl3_model1_chainA_segment6_ddgp.pkl,fbs,
1irs_model1_chainA_segment4_ddgp.pkl,dfs,
1irs_model1_chainA_segment4_ddgp.pkl,fbs,
1l5d_model1_chainA_segment6_ddgp.pkl,dfs,
1l5d_model1_chainA_segment6_ddgp.pkl,fbs,
2ed7_model1_chainA_segment0_ddgp.pkl,dfs,
2ed7_model1_chainA_segment0_ddgp.pkl,fbs,
2gt5_model1_chainA_segment12_ddgp.pkl,dfs,
2gt5_model1_chainA_segment12_ddgp.pkl,fbs,
2l1m_model1_chainA_segment8_ddgp.pkl,dfs,
2l1m_model1_chainA_segment8_ddgp.pkl,fbs,
2m2f_model1_chainA_segment2_ddgp.pkl,dfs,0.0
2m2f_model1_chainA_segment2_ddgp.pkl,fbs,0.0
2n02_model1_chainA_segment4_ddgp.pkl,dfs,
2n02_model1_chainA_segment4_ddgp.pkl,fbs,
1a1p_model1_chainA_segment1_ddgp.pkl,dfs,0.0011796951293945312
1a1p_model1_chainA_segment1_ddgp.pkl,fbs,0.0
1dgv_model1_chainA_segment3_ddgp.pkl,dfs,
1dgv_model1_chainA_segment3_ddgp.pkl,fbs,
1ysx_model1_chainA_segment5_ddgp.pkl,dfs,
1ysx_model1_chainA_segment5_ddgp.pkl,fbs,
2dlp_model1_chainA_segment3_ddgp.pkl,dfs,0.0010077953338623047
2dlp_model1_chainA_segment3_ddgp.pkl,fbs,0.0010063648223876953
2kgh_model1_chainA_segment1_ddgp.pkl,dfs,0.0
2kgh_model1_chainA_segment1_ddgp.pkl,fbs,0.0009911060333251953
2lq6_model1_chainA_segment3_ddgp.pkl,dfs,
2lq6_model1_chainA_segment3_ddgp.pkl,fbs,
5gph_model1_chainA_segment8_ddgp.pkl,dfs,
5gph_model1_chainA_segment8_ddgp.pkl,fbs,
7but_model1_chainA_segment3_ddgp.pkl,dfs,0.0
7but_model1_chainA_segment3_ddgp.pkl,fbs,0.0
1p7m_model1_chainA_segment1_ddgp.pkl,dfs,
1p7m_model1_chainA_segment1_ddgp.pkl,fbs,
1shp_model1_chainA_segment0_ddgp.pkl,dfs,
1shp_model1_chainA_segment0_ddgp.pkl,fbs,
1vry_model1_chainA_segment1_ddgp.pkl,dfs,
1vry_model1_chainA_segment1_ddgp.pkl,fbs,
2a0a_model1_chainA_segment0_ddgp.pkl,dfs,
2a0a_model1_chainA_segment0_ddgp.pkl,fbs,
2ko6_model1_chainA_segment1_ddgp.pkl,dfs,
2ko6_model1_chainA_segment1_ddgp.pkl,fbs,
2lht_model1_chainA_segment6_ddgp.pkl,dfs,0.0
2lht_model1_chainA_segment6_ddgp.pkl,fbs,0.0
2pni_model1_chainA_segment2_ddgp.pkl,dfs,
2pni_model1_chainA_segment2_ddgp.pkl,fbs,
2uzg_model1_chainA_segment1_ddgp.pkl,dfs,
2uzg_model1_chainA_segment1_ddgp.pkl,fbs,
7osd_model1_chainA_segment0_ddgp.pkl,dfs,
7osd_model1_chainA_segment0_ddgp.pkl,fbs,
2vda_model1_chainA_segment40_ddgp.pkl,dfs,0.0
2vda_model1_chainA_segment40_ddgp.pkl,fbs,0.0
1i2v_model1_chainA_segment3_ddgp.pkl,dfs,
1i2v_model1_chainA_segment3_ddgp.pkl,fbs,
1jq4_model1_chainA_segment5_ddgp.pkl,dfs,
1jq4_model1_chainA_segment5_ddgp.pkl,fbs,
1m0v_model1_chainA_segment2_ddgp.pkl,dfs,
1m0v_model1_chainA_segment2_ddgp.pkl,fbs,
1t2m_model1_chainA_segment4_ddgp.pkl,dfs,
1t2m_model1_chainA_segment4_ddgp.pkl,fbs,
1tcj_model1_chainA_segment0_ddgp.pkl,dfs,0.0
1tcj_model1_chainA_segment0_ddgp.pkl,fbs,0.0
2edu_model1_chainA_segment1_ddgp.pkl,dfs,
2edu_model1_chainA_segment1_ddgp.pkl,fbs,
2fkx_model1_chainA_segment2_ddgp.pkl,dfs,
2fkx_model1_chainA_segment2_ddgp.pkl,fbs,
2gb8_model1_chainA_segment8_ddgp.pkl,dfs,
2gb8_model1_chainA_segment8_ddgp.pkl,fbs,
2jul_model1_chainA_segment1_ddgp.pkl,dfs,
2jul_model1_chainA_segment1_ddgp.pkl,fbs,
2khz_model1_chainA_segment6_ddgp.pkl,dfs,
2khz_model1_chainA_segment6_ddgp.pkl,fbs,
2l62_model1_chainA_segment0_ddgp.pkl,dfs,
2l62_model1_chainA_segment0_ddgp.pkl,fbs,
2lq8_model1_chainA_segment8_ddgp.pkl,dfs,
2lq8_model1_chainA_segment8_ddgp.pkl,fbs,
2myn_model1_chainA_segment1_ddgp.pkl,dfs,
2myn_model1_chainA_segment1_ddgp.pkl,fbs,
7wcg_model1_chainA_segment8_ddgp.pkl,dfs,
7wcg_model1_chainA_segment8_ddgp.pkl,fbs,
2nam_model1_chainA_segment6_ddgp.pkl,dfs,0.0
2nam_model1_chainA_segment6_ddgp.pkl,fbs,0.0
2hpu_model1_chainA_segment4_ddgp.pkl,dfs,
2hpu_model1_chainA_segment4_ddgp.pkl,fbs,
2lhs_model1_chainA_segment2_ddgp.pkl,dfs,
2lhs_model1_chainA_segment2_ddgp.pkl,fbs,
1skh_model1_chainA_segment2_ddgp.pkl,dfs,
1skh_model1_chainA_segment2_ddgp.pkl,fbs,
1def_model1_chainA_segment6_ddgp.pkl,dfs,
1def_model1_chainA_segment6_ddgp.pkl,fbs,
1e17_model1_chainA_segment0_ddgp.pkl,dfs,0.0
1e17_model1_chainA_segment0_ddgp.pkl,fbs,0.015735864639282227
1k8h_model1_chainA_segment0_ddgp.pkl,dfs,
1k8h_model1_chainA_segment0_ddgp.pkl,fbs,
1kfz_model1_chainA_segment1_ddgp.pkl,dfs,
1kfz_model1_chainA_segment1_ddgp.pkl,fbs,
1leb_model1_chainA_segment3_ddgp.pkl,dfs,0.0
1leb_model1_chainA_segment3_ddgp.pkl,fbs,0.015732526779174805
1qm3_model1_chainA_segment3_ddgp.pkl,dfs,0.0
1qm3_model1_chainA_segment3_ddgp.pkl,fbs,0.0
1tnt_model1_chainA_segment0_ddgp.pkl,dfs,0.0
1tnt_model1_chainA_segment0_ddgp.pkl,fbs,0.0
1u38_model1_chainA_segment1_ddgp.pkl,dfs,0.0
1u38_model1_chainA_segment1_ddgp.pkl,fbs,0.0
1wh1_model1_chainA_segment7_ddgp.pkl,dfs,0.0
1wh1_model1_chainA_segment7_ddgp.pkl,fbs,0.015618085861206055
2a51_model1_chainA_segment0_ddgp.pkl,dfs,0.0
2a51_model1_chainA_segment0_ddgp.pkl,fbs,0.0
2ab9_model1_chainA_segment1_ddgp.pkl,dfs,0.0
2ab9_model1_chainA_segment1_ddgp.pkl,fbs,0.0
2bic_model1_chainA_segment0_ddgp.pkl,dfs,
2bic_model1_chainA_segment0_ddgp.pkl,fbs,
2cs4_model1_chainA_segment1_ddgp.pkl,dfs,
2cs4_model1_chainA_segment1_ddgp.pkl,fbs,
2erm_model1_chainA_segment1_ddgp.pkl,dfs,
2erm_model1_chainA_segment1_ddgp.pkl,fbs,
2evn_model1_chainA_segment1_ddgp.pkl,dfs,
2evn_model1_chainA_segment1_ddgp.pkl,fbs,
2jyi_model1_chainA_segment0_ddgp.pkl,dfs,0.0
2jyi_model1_chainA_segment0_ddgp.pkl,fbs,0.0
2k4k_model1_chainA_segment8_ddgp.pkl,dfs,
2k4k_model1_chainA_segment8_ddgp.pkl,fbs,
2k4t_model1_chainA_segment3_ddgp.pkl,dfs,0.0
2k4t_model1_chainA_segment3_ddgp.pkl,fbs,0.0
2kfh_model1_chainA_segment6_ddgp.pkl,dfs,0.0
2kfh_model1_chainA_segment6_ddgp.pkl,fbs,0.0
2kgr_model1_chainA_segment0_ddgp.pkl,dfs,0.0
2kgr_model1_chainA_segment0_ddgp.pkl,fbs,0.0
2l3g_model1_chainA_segment5_ddgp.pkl,dfs,
2l3g_model1_chainA_segment5_ddgp.pkl,fbs,
2lrc_model1_chainA_segment6_ddgp.pkl,dfs,0.0
2lrc_model1_chainA_segment6_ddgp.pkl,fbs,0.0
2lss_model1_chainA_segment0_ddgp.pkl,dfs,0.0
2lss_model1_chainA_segment0_ddgp.pkl,fbs,0.0
2rqr_model1_chainA_segment4_ddgp.pkl,dfs,0.0
2rqr_model1_chainA_segment4_ddgp.pkl,fbs,0.01633000373840332
2rr8_model1_chainA_segment9_ddgp.pkl,dfs,
2rr8_model1_chainA_segment9_ddgp.pkl,fbs,
2ysc_model1_chainA_segment2_ddgp.pkl,dfs,0.0
2ysc_model1_chainA_segment2_ddgp.pkl,fbs,0.0
2ysx_model1_chainA_segment6_ddgp.pkl,dfs,0.0
2ysx_model1_chainA_segment6_ddgp.pkl,fbs,0.0
5j18_model1_chainA_segment0_ddgp.pkl,dfs,0.0
5j18_model1_chainA_segment0_ddgp.pkl,fbs,0.0
6cxn_model1_chainA_segment0_ddgp.pkl,dfs,0.0
6cxn_model1_chainA_segment0_ddgp.pkl,fbs,0.0
7d2o_model1_chainA_segment5_ddgp.pkl,dfs,
7d2o_model1_chainA_segment5_ddgp.pkl,fbs,
8gbc_model1_chainA_segment3_ddgp.pkl,dfs,0.0
8gbc_model1_chainA_segment3_ddgp.pkl,fbs,0.0
1ag2_model1_chainA_segment3_ddgp.pkl,dfs,0.0
1ag2_model1_chainA_segment3_ddgp.pkl,fbs,0.0
1c01_model1_chainA_segment0_ddgp.pkl,dfs,0.0
1c01_model1_chainA_segment0_ddgp.pkl,fbs,0.0
1cdr_model1_chainA_segment0_ddgp.pkl,dfs,
1cdr_model1_chainA_segment0_ddgp.pkl,fbs,
1fks_model1_chainA_segment6_ddgp.pkl,dfs,
1fks_model1_chainA_segment6_ddgp.pkl,fbs,
1muz_model1_chainA_segment2_ddgp.pkl,dfs,0.008007526397705078
1muz_model1_chainA_segment2_ddgp.pkl,fbs,0.0
1nz9_model1_chainA_segment3_ddgp.pkl,dfs,
1nz9_model1_chainA_segment3_ddgp.pkl,fbs,
1omu_model1_chainA_segment2_ddgp.pkl,dfs,0.0
1omu_model1_chainA_segment2_ddgp.pkl,fbs,0.0
1oy2_model1_chainA_segment0_ddgp.pkl,dfs,0.0
1oy2_model1_chainA_segment0_ddgp.pkl,fbs,0.0
1soy_model1_chainA_segment8_ddgp.pkl,dfs,
1soy_model1_chainA_segment8_ddgp.pkl,fbs,
1x4y_model1_chainA_segment2_ddgp.pkl,dfs,
1x4y_model1_chainA_segment2_ddgp.pkl,fbs,
2aiv_model1_chainA_segment7_ddgp.pkl,dfs,
2aiv_model1_chainA_segment7_ddgp.pkl,fbs,
2ckc_model1_chainA_segment4_ddgp.pkl,dfs,
2ckc_model1_chainA_segment4_ddgp.pkl,fbs,
2d9f_model1_chainA_segment3_ddgp.pkl,dfs,
2d9f_model1_chainA_segment3_ddgp.pkl,fbs,
2hf6_model1_chainA_segment7_ddgp.pkl,dfs,
2hf6_model1_chainA_segment7_ddgp.pkl,fbs,
2iue_model1_chainA_segment8_ddgp.pkl,dfs,
2iue_model1_chainA_segment8_ddgp.pkl,fbs,
2jzb_model1_chainA_segment4_ddgp.pkl,dfs,0.0
2jzb_model1_chainA_segment4_ddgp.pkl,fbs,0.0
2kr2_model1_chainA_segment12_ddgp.pkl,dfs,
2kr2_model1_chainA_segment12_ddgp.pkl,fbs,
2ksm_model1_chainA_segment1_ddgp.pkl,dfs,
2ksm_model1_chainA_segment1_ddgp.pkl,fbs,
2kuf_model1_chainA_segment11_ddgp.pkl,dfs,0.01575779914855957
2kuf_model1_chainA_segment11_ddgp.pkl,fbs,0.0
2kx3_model1_chainA_segment2_ddgp.pkl,dfs,
2kx3_model1_chainA_segment2_ddgp.pkl,fbs,
2kxh_model1_chainA_segment1_ddgp.pkl,dfs,
2kxh_model1_chainA_segment1_ddgp.pkl,fbs,
2l1h_model1_chainA_segment3_ddgp.pkl,dfs,0.0
2l1h_model1_chainA_segment3_ddgp.pkl,fbs,0.0
2laz_model1_chainA_segment2_ddgp.pkl,dfs,0.0
2laz_model1_chainA_segment2_ddgp.pkl,fbs,0.0
2lss_model1_chainA_segment4_ddgp.pkl,dfs,
2lss_model1_chainA_segment4_ddgp.pkl,fbs,
2m07_model1_chainA_segment0_ddgp.pkl,dfs,
2m07_model1_chainA_segment0_ddgp.pkl,fbs,
2m9p_model1_chainA_segment16_ddgp.pkl,dfs,0.0
2m9p_model1_chainA_segment16_ddgp.pkl,fbs,0.0
2mf3_model1_chainA_segment2_ddgp.pkl,dfs,
2mf3_model1_chainA_segment2_ddgp.pkl,fbs,
2mw3_model1_chainA_segment1_ddgp.pkl,dfs,0.0
2mw3_model1_chainA_segment1_ddgp.pkl,fbs,0.0
2ndf_model1_chainA_segment5_ddgp.pkl,dfs,0.0
2ndf_model1_chainA_segment5_ddgp.pkl,fbs,0.0
2o2o_model1_chainA_segment3_ddgp.pkl,dfs,
2o2o_model1_chainA_segment3_ddgp.pkl,fbs,
2poj_model1_chainA_segment6_ddgp.pkl,dfs,
2poj_model1_chainA_segment6_ddgp.pkl,fbs,
2ruj_model1_chainA_segment5_ddgp.pkl,dfs,
2ruj_model1_chainA_segment5_ddgp.pkl,fbs,
2wc2_model1_chainA_segment14_ddgp.pkl,dfs,
2wc2_model1_chainA_segment14_ddgp.pkl,fbs,
2ytd_model1_chainA_segment0_ddgp.pkl,dfs,0.0
2ytd_model1_chainA_segment0_ddgp.pkl,fbs,0.0
5jdp_model1_chainA_segment19_ddgp.pkl,dfs,0.0
5jdp_model1_chainA_segment19_ddgp.pkl,fbs,0.0
6h7i_model1_chainA_segment0_ddgp.pkl,dfs,
6h7i_model1_chainA_segment0_ddgp.pkl,fbs,
6rh5_model1_chainA_segment6_ddgp.pkl,dfs,
6rh5_model1_chainA_segment6_ddgp.pkl,fbs,
7d2o_model1_chainA_segment6_ddgp.pkl,dfs,
7d2o_model1_chainA_segment6_ddgp.pkl,fbs,
7lu8_model1_chainA_segment5_ddgp.pkl,dfs,0.0
7lu8_model1_chainA_segment5_ddgp.pkl,fbs,0.0
8vyc_model1_chainA_segment0_ddgp.pkl,dfs,0.0
8vyc_model1_chainA_segment0_ddgp.pkl,fbs,0.0
1dmz_model1_chainA_segment3_ddgp.pkl,dfs,
1dmz_model1_chainA_segment3_ddgp.pkl,fbs,
2kc0_model1_chainA_segment1_ddgp.pkl,dfs,
2kc0_model1_chainA_segment1_ddgp.pkl,fbs,
2dl5_model1_chainA_segment4_ddgp.pkl,dfs,
2dl5_model1_chainA_segment4_ddgp.pkl,fbs,
2fva_model1_chainA_segment4_ddgp.pkl,dfs,
2fva_model1_chainA_segment4_ddgp.pkl,fbs,
2iem_model1_chainA_segment3_ddgp.pkl,dfs,
2iem_model1_chainA_segment3_ddgp.pkl,fbs,
2k2t_model1_chainA_segment0_ddgp.pkl,dfs,
2k2t_model1_chainA_segment0_ddgp.pkl,fbs,
2k73_model1_chainA_segment8_ddgp.pkl,dfs,
2k73_model1_chainA_segment8_ddgp.pkl,fbs,
2mou_model1_chainA_segment1_ddgp.pkl,dfs,
2mou_model1_chainA_segment1_ddgp.pkl,fbs,
2mvz_model1_chainA_segment6_ddgp.pkl,dfs,
2mvz_model1_chainA_segment6_ddgp.pkl,fbs,
2otq_model1_chainA_segment0_ddgp.pkl,dfs,
2otq_model1_chainA_segment0_ddgp.pkl,fbs,
1qu6_model1_chainA_segment0_ddgp.pkl,dfs,0.015624761581420898
1qu6_model1_chainA_segment0_ddgp.pkl,fbs,0.0
2k7y_model1_chainA_segment3_ddgp.pkl,dfs,0.00861048698425293
2k7y_model1_chainA_segment3_ddgp.pkl,fbs,0.0
2yt9_model1_chainA_segment0_ddgp.pkl,dfs,0.00761866569519043
2yt9_model1_chainA_segment0_ddgp.pkl,fbs,0.0011277198791503906
2ka3_model1_chainA_segment5_ddgp.pkl,dfs,
2ka3_model1_chainA_segment5_ddgp.pkl,fbs,
2ckc_model1_chainA_segment1_ddgp.pkl,dfs,0.0
2ckc_model1_chainA_segment1_ddgp.pkl,fbs,0.0
6k5r_model1_chainA_segment4_ddgp.pkl,dfs,
6k5r_model1_chainA_segment4_ddgp.pkl,fbs,
1z2e_model1_chainA_segment7_ddgp.pkl,dfs,
1z2e_model1_chainA_segment7_ddgp.pkl,fbs,
6mie_model1_chainA_segment5_ddgp.pkl,dfs,0.0
6mie_model1_chainA_segment5_ddgp.pkl,fbs,0.0
1z6w_model1_chainA_segment3_ddgp.pkl,dfs,0.0
1z6w_model1_chainA_segment3_ddgp.pkl,fbs,0.0
1bno_model1_chainA_segment0_ddgp.pkl,dfs,
1bno_model1_chainA_segment0_ddgp.pkl,fbs,
1m3c_model1_chainA_segment1_ddgp.pkl,dfs,
1m3c_model1_chainA_segment1_ddgp.pkl,fbs,
1nla_model1_chainA_segment1_ddgp.pkl,dfs,
1nla_model1_chainA_segment1_ddgp.pkl,fbs,
1u39_model1_chainA_segment6_ddgp.pkl,dfs,
1u39_model1_chainA_segment6_ddgp.pkl,fbs,
1x5t_model1_chainA_segment4_ddgp.pkl,dfs,
1x5t_model1_chainA_segment4_ddgp.pkl,fbs,
1m8o_model1_chainA_segment0_ddgp.pkl,dfs,
1m8o_model1_chainA_segment0_ddgp.pkl,fbs,
2hzd_model1_chainA_segment0_ddgp.pkl,dfs,
2hzd_model1_chainA_segment0_ddgp.pkl,fbs,
2ljq_model1_chainA_segment3_ddgp.pkl,dfs,
2ljq_model1_chainA_segment3_ddgp.pkl,fbs,
2n02_model1_chainA_segment5_ddgp.pkl,dfs,
2n02_model1_chainA_segment5_ddgp.pkl,fbs,
7swi_model1_chainA_segment2_ddgp.pkl,dfs,0.0
7swi_model1_chainA_segment2_ddgp.pkl,fbs,0.0
2l4f_model1_chainA_segment0_ddgp.pkl,dfs,0.014515876770019531
2l4f_model1_chainA_segment0_ddgp.pkl,fbs,0.0008327960968017578
2mx7_model1_chainA_segment7_ddgp.pkl,dfs,
2mx7_model1_chainA_segment7_ddgp.pkl,fbs,
2ksh_model1_chainA_segment5_ddgp.pkl,dfs,
2ksh_model1_chainA_segment5_ddgp.pkl,fbs,
7d2o_model1_chainA_segment3_ddgp.pkl,dfs,
7d2o_model1_chainA_segment3_ddgp.pkl,fbs,
1h5p_model1_chainA_segment3_ddgp.pkl,dfs,
1h5p_model1_chainA_segment3_ddgp.pkl,fbs,
2aiz_model1_chainP_segment7_ddgp.pkl,dfs,
2aiz_model1_chainP_segment7_ddgp.pkl,fbs,
2dn9_model1_chainA_segment0_ddgp.pkl,dfs,
2dn9_model1_chainA_segment0_ddgp.pkl,fbs,
2ks9_model1_chainA_segment13_ddgp.pkl,dfs,
2ks9_model1_chainA_segment13_ddgp.pkl,fbs,
2n79_model1_chainC_segment2_ddgp.pkl,dfs,
2n79_model1_chainC_segment2_ddgp.pkl,fbs,
7jgx_model1_chainA_segment0_ddgp.pkl,dfs,
7jgx_model1_chainA_segment0_ddgp.pkl,fbs,
7nqc_model1_chainA_segment2_ddgp.pkl,dfs,
7nqc_model1_chainA_segment2_ddgp.pkl,fbs,
1t4n_model1_chainA_segment4_ddgp.pkl,dfs,
1t4n_model1_chainA_segment4_ddgp.pkl,fbs,
7ofg_model1_chainA_segment0_ddgp.pkl,dfs,
7ofg_model1_chainA_segment0_ddgp.pkl,fbs,
1erd_model1_chainA_segment1_ddgp.pkl,dfs,
1erd_model1_chainA_segment1_ddgp.pkl,fbs,
2kxe_model1_chainA_segment0_ddgp.pkl,dfs,
2kxe_model1_chainA_segment0_ddgp.pkl,fbs,
2ruj_model1_chainA_segment2_ddgp.pkl,dfs,
2ruj_model1_chainA_segment2_ddgp.pkl,fbs,
1ehx_model1_chainA_segment6_ddgp.pkl,dfs,0.0
1ehx_model1_chainA_segment6_ddgp.pkl,fbs,
1kn7_model1_chainA_segment3_ddgp.pkl,dfs,0.0
1kn7_model1_chainA_segment3_ddgp.pkl,fbs,
1lud_model1_chainA_segment6_ddgp.pkl,dfs,0.0
1lud_model1_chainA_segment6_ddgp.pkl,fbs,
1n88_model1_chainA_segment2_ddgp.pkl,dfs,0.0
1n88_model1_chainA_segment2_ddgp.pkl,fbs,
1wh1_model1_chainA_segment2_ddgp.pkl,dfs,0.0004353523254394531
1wh1_model1_chainA_segment2_ddgp.pkl,fbs,
2co9_model1_chainA_segment0_ddgp.pkl,dfs,
2co9_model1_chainA_segment0_ddgp.pkl,fbs,
2ehf_model1_chainA_segment2_ddgp.pkl,dfs,0.0
2ehf_model1_chainA_segment2_ddgp.pkl,fbs,
2jpe_model1_chainA_segment6_ddgp.pkl,dfs,
2jpe_model1_chainA_segment6_ddgp.pkl,fbs,
2jwe_model1_chainA_segment3_ddgp.pkl,dfs,
2jwe_model1_chainA_segment3_ddgp.pkl,fbs,
2k1q_model1_chainA_segment0_ddgp.pkl,dfs,
2k1q_model1_chainA_segment0_ddgp.pkl,fbs,
2lqr_model1_chainA_segment3_ddgp.pkl,dfs,
2lqr_model1_chainA_segment3_ddgp.pkl,fbs,
2lvz_model1_chainA_segment7_ddgp.pkl,dfs,0.0
2lvz_model1_chainA_segment7_ddgp.pkl,fbs,
2m17_model1_chainA_segment6_ddgp.pkl,dfs,
2m17_model1_chainA_segment6_ddgp.pkl,fbs,
2m9p_model1_chainA_segment17_ddgp.pkl,dfs,0.0
2m9p_model1_chainA_segment17_ddgp.pkl,fbs,
4csq_model1_chainA_segment5_ddgp.pkl,dfs,0.0
4csq_model1_chainA_segment5_ddgp.pkl,fbs,
6z40_model1_chainA_segment6_ddgp.pkl,dfs,0.011144638061523438
6z40_model1_chainA_segment6_ddgp.pkl,fbs,
8ba1_model1_chainA_segment4_ddgp.pkl,dfs,
8ba1_model1_chainA_segment4_ddgp.pkl,fbs,
1dmz_model1_chainA_segment6_ddgp.pkl,dfs,
1dmz_model1_chainA_segment6_ddgp.pkl,fbs,
1hov_model1_chainA_segment6_ddgp.pkl,dfs,0.0
1hov_model1_chainA_segment6_ddgp.pkl,fbs,
1iry_model1_chainA_segment7_ddgp.pkl,dfs,
1iry_model1_chainA_segment7_ddgp.pkl,fbs,
1jor_model1_chainA_segment8_ddgp.pkl,dfs,0.0
1jor_model1_chainA_segment8_ddgp.pkl,fbs,
1ka7_model1_chainA_segment6_ddgp.pkl,dfs,
1ka7_model1_chainA_segment6_ddgp.pkl,fbs,
1q9p_model1_chainA_segment0_ddgp.pkl,dfs,
1q9p_model1_chainA_segment0_ddgp.pkl,fbs,
1rh8_model1_chainA_segment7_ddgp.pkl,dfs,
1rh8_model1_chainA_segment7_ddgp.pkl,fbs,
1u2f_model1_chainA_segment5_ddgp.pkl,dfs,
1u2f_model1_chainA_segment5_ddgp.pkl,fbs,
1x3c_model1_chainA_segment0_ddgp.pkl,dfs,
1x3c_model1_chainA_segment0_ddgp.pkl,fbs,
1ywy_model1_chainA_segment1_ddgp.pkl,dfs,0.0
1ywy_model1_chainA_segment1_ddgp.pkl,fbs,
1yzs_model1_chainA_segment5_ddgp.pkl,dfs,
1yzs_model1_chainA_segment5_ddgp.pkl,fbs,
2di8_model1_chainA_segment4_ddgp.pkl,dfs,0.0
2di8_model1_chainA_segment4_ddgp.pkl,fbs,
2e5g_model1_chainA_segment3_ddgp.pkl,dfs,
2e5g_model1_chainA_segment3_ddgp.pkl,fbs,
2edj_model1_chainA_segment3_ddgp.pkl,dfs,
2edj_model1_chainA_segment3_ddgp.pkl,fbs,
2f1e_model1_chainA_segment5_ddgp.pkl,dfs,0.0
2f1e_model1_chainA_segment5_ddgp.pkl,fbs,
2gzy_model1_chainA_segment7_ddgp.pkl,dfs,
2gzy_model1_chainA_segment7_ddgp.pkl,fbs,
2hrn_model1_chainA_segment0_ddgp.pkl,dfs,0.0
2hrn_model1_chainA_segment0_ddgp.pkl,fbs,
2jtq_model1_chainA_segment6_ddgp.pkl,dfs,
2jtq_model1_chainA_segment6_ddgp.pkl,fbs,
2jvn_model1_chainA_segment5_ddgp.pkl,dfs,
2jvn_model1_chainA_segment5_ddgp.pkl,fbs,
2ka3_model1_chainA_segment8_ddgp.pkl,dfs,0.000985860824584961
2ka3_model1_chainA_segment8_ddgp.pkl,fbs,
2kc0_model1_chainA_segment6_ddgp.pkl,dfs,
2kc0_model1_chainA_segment6_ddgp.pkl,fbs,
2kdw_model1_chainA_segment1_ddgp.pkl,dfs,0.0
2kdw_model1_chainA_segment1_ddgp.pkl,fbs,
2klf_model1_chainA_segment1_ddgp.pkl,dfs,0.005106687545776367
2klf_model1_chainA_segment1_ddgp.pkl,fbs,
2kr2_model1_chainA_segment1_ddgp.pkl,dfs,
2kr2_model1_chainA_segment1_ddgp.pkl,fbs,
2kt2_model1_chainA_segment3_ddgp.pkl,dfs,0.0
2kt2_model1_chainA_segment3_ddgp.pkl,fbs,
2mf3_model1_chainA_segment0_ddgp.pkl,dfs,0.0
2mf3_model1_chainA_segment0_ddgp.pkl,fbs,
2mwx_model1_chainA_segment1_ddgp.pkl,dfs,
2mwx_model1_chainA_segment1_ddgp.pkl,fbs,
2nc8_model1_chainA_segment3_ddgp.pkl,dfs,0.0006220340728759766
2nc8_model1_chainA_segment3_ddgp.pkl,fbs,
2p5h_model1_chainA_segment0_ddgp.pkl,dfs,0.0011014938354492188
2p5h_model1_chainA_segment0_ddgp.pkl,fbs,
2p80_model1_chainA_segment15_ddgp.pkl,dfs,
2p80_model1_chainA_segment15_ddgp.pkl,fbs,
4csq_model1_chainA_segment4_ddgp.pkl,dfs,
4csq_model1_chainA_segment4_ddgp.pkl,fbs,
5jhj_model1_chainA_segment0_ddgp.pkl,dfs,
5jhj_model1_chainA_segment0_ddgp.pkl,fbs,
5k57_model1_chainA_segment0_ddgp.pkl,dfs,
5k57_model1_chainA_segment0_ddgp.pkl,fbs,
6a4c_model1_chainA_segment9_ddgp.pkl,dfs,
6a4c_model1_chainA_segment9_ddgp.pkl,fbs,
6do7_model1_chainA_segment4_ddgp.pkl,dfs,0.0
6do7_model1_chainA_segment4_ddgp.pkl,fbs,
7lu8_model1_chainA_segment2_ddgp.pkl,dfs,0.0
7lu8_model1_chainA_segment2_ddgp.pkl,fbs,
7r3m_model1_chainA_segment1_ddgp.pkl,dfs,
7r3m_model1_chainA_segment1_ddgp.pkl,fbs,
1ark_model1_chainA_segment3_ddgp.pkl,dfs,
1ark_model1_chainA_segment3_ddgp.pkl,fbs,
1b2i_model1_chainA_segment2_ddgp.pkl,dfs,
1b2i_model1_chainA_segment2_ddgp.pkl,fbs,
1kvi_model1_chainA_segment5_ddgp.pkl,dfs,
1kvi_model1_chainA_segment5_ddgp.pkl,fbs,
1m3g_model1_chainA_segment6_ddgp.pkl,dfs,0.0009865760803222656
1m3g_model1_chainA_segment6_ddgp.pkl,fbs,
1q7j_model1_chainA_segment0_ddgp.pkl,dfs,0.0009746551513671875
1q7j_model1_chainA_segment0_ddgp.pkl,fbs,
1uhf_model1_chainA_segment0_ddgp.pkl,dfs,
1uhf_model1_chainA_segment0_ddgp.pkl,fbs,
1xx3_model1_chainA_segment0_ddgp.pkl,dfs,
1xx3_model1_chainA_segment0_ddgp.pkl,fbs,
2do3_model1_chainA_segment1_ddgp.pkl,dfs,
2do3_model1_chainA_segment1_ddgp.pkl,fbs,
2edj_model1_chainA_segment4_ddgp.pkl,dfs,
2edj_model1_chainA_segment4_ddgp.pkl,fbs,
2ghf_model1_chainA_segment0_ddgp.pkl,dfs,
2ghf_model1_chainA_segment0_ddgp.pkl,fbs,
2jyt_model1_chainA_segment0_ddgp.pkl,dfs,
2jyt_model1_chainA_segment0_ddgp.pkl,fbs,
2khi_model1_chainA_segment7_ddgp.pkl,dfs,
2khi_model1_chainA_segment7_ddgp.pkl,fbs,
2lvm_model1_chainA_segment6_ddgp.pkl,dfs,
2lvm_model1_chainA_segment6_ddgp.pkl,fbs,
2myu_model1_chainA_segment3_ddgp.pkl,dfs,
2myu_model1_chainA_segment3_ddgp.pkl,fbs,
6tf4_model1_chainA_segment2_ddgp.pkl,dfs,
6tf4_model1_chainA_segment2_ddgp.pkl,fbs,
8t62_model1_chainA_segment1_ddgp.pkl,dfs,0.0
8t62_model1_chainA_segment1_ddgp.pkl,fbs,
1ddm_model1_chainA_segment9_ddgp.pkl,dfs,0.01572275161743164
1ddm_model1_chainA_segment9_ddgp.pkl,fbs,
2nda_model1_chainA_segment7_ddgp.pkl,dfs,
2nda_model1_chainA_segment7_ddgp.pkl,fbs,
2l7r_model1_chainA_segment3_ddgp.pkl,dfs,
2l7r_model1_chainA_segment3_ddgp.pkl,fbs,
2ell_model1_chainA_segment3_ddgp.pkl,dfs,0.0
2ell_model1_chainA_segment3_ddgp.pkl,fbs,
2rqa_model1_chainA_segment6_ddgp.pkl,dfs,
2rqa_model1_chainA_segment6_ddgp.pkl,fbs,
2yty_model1_chainA_segment3_ddgp.pkl,dfs,
2yty_model1_chainA_segment3_ddgp.pkl,fbs,
2l4c_model1_chainA_segment4_ddgp.pkl,dfs,
2l4c_model1_chainA_segment4_ddgp.pkl,fbs,
2d2w_model1_chainA_segment2_ddgp.pkl,dfs,
2d2w_model1_chainA_segment2_ddgp.pkl,fbs,
2mhg_model1_chainA_segment5_ddgp.pkl,dfs,0.0
2mhg_model1_chainA_segment5_ddgp.pkl,fbs,
2js3_model1_chainA_segment1_ddgp.pkl,dfs,
2js3_model1_chainA_segment1_ddgp.pkl,fbs,
4axp_model1_chainA_segment5_ddgp.pkl,dfs,
4axp_model1_chainA_segment5_ddgp.pkl,fbs,
2myg_model1_chainA_segment0_ddgp.pkl,dfs,
2myg_model1_chainA_segment0_ddgp.pkl,fbs,
2jtz_model1_chainA_segment1_ddgp.pkl,dfs,
2jtz_model1_chainA_segment1_ddgp.pkl,fbs,
2k7b_model1_chainA_segment2_ddgp.pkl,dfs,0.015622138977050781
2k7b_model1_chainA_segment2_ddgp.pkl,fbs,
2mg5_model1_chainA_segment1_ddgp.pkl,dfs,
2mg5_model1_chainA_segment1_ddgp.pkl,fbs,
2mlb_model1_chainA_segment5_ddgp.pkl,dfs,
2mlb_model1_chainA_segment5_ddgp.pkl,fbs,
1on4_model1_chainA_segment0_ddgp.pkl,dfs,0.0
1on4_model1_chainA_segment0_ddgp.pkl,fbs,
6zdb_model1_chainA_segment6_ddgp.pkl,dfs,
6zdb_model1_chainA_segment6_ddgp.pkl,fbs,
2mhg_model1_chainA_segment7_ddgp.pkl,dfs,
2mhg_model1_chainA_segment7_ddgp.pkl,fbs,
5wox_model1_chainA_segment7_ddgp.pkl,dfs,
5wox_model1_chainA_segment7_ddgp.pkl,fbs,
8ory_model1_chainA_segment1_ddgp.pkl,dfs,
8ory_model1_chainA_segment1_ddgp.pkl,fbs,
1r5s_model1_chainA_segment7_ddgp.pkl,dfs,0.0
1r5s_model1_chainA_segment7_ddgp.pkl,fbs,
2lvm_model1_chainA_segment11_ddgp.pkl,dfs,
2lvm_model1_chainA_segment11_ddgp.pkl,fbs,
1iqs_model1_chainA_segment1_ddgp.pkl,dfs,0.0
1iqs_model1_chainA_segment1_ddgp.pkl,fbs,
2lme_model1_chainA_segment0_ddgp.pkl,dfs,0.01574993133544922
2lme_model1_chainA_segment0_ddgp.pkl,fbs,
2k61_model1_chainA_segment1_ddgp.pkl,dfs,0.0
2k61_model1_chainA_segment1_ddgp.pkl,fbs,
2m5c_model1_chainA_segment4_ddgp.pkl,dfs,
2m5c_model1_chainA_segment4_ddgp.pkl,fbs,
8k6z_model1_chainA_segment4_ddgp.pkl,dfs,
8k6z_model1_chainA_segment4_ddgp.pkl,fbs,
1stu_model1_chainA_segment0_ddgp.pkl,dfs,
1stu_model1_chainA_segment0_ddgp.pkl,fbs,
2aiv_model1_chainA_segment10_ddgp.pkl,dfs,
2aiv_model1_chainA_segment10_ddgp.pkl,fbs,
7krb_model1_chainA_segment10_ddgp.pkl,dfs,
7krb_model1_chainA_segment10_ddgp.pkl,fbs,
1esx_model1_chainA_segment3_ddgp.pkl,dfs,
1esx_model1_chainA_segment3_ddgp.pkl,fbs,
2kug_model1_chainA_segment1_ddgp.pkl,dfs,
2kug_model1_chainA_segment1_ddgp.pkl,fbs,
8fg1_model1_chainA_segment10_ddgp.pkl,dfs,
8fg1_model1_chainA_segment10_ddgp.pkl,fbs,
1q9p_model1_chainA_segment8_ddgp.pkl,dfs,
1q9p_model1_chainA_segment8_ddgp.pkl,fbs,
2n02_model1_chainA_segment7_ddgp.pkl,dfs,
2n02_model1_chainA_segment7_ddgp.pkl,fbs,
2nam_model1_chainA_segment7_ddgp.pkl,dfs,
2nam_model1_chainA_segment7_ddgp.pkl,fbs,
2jyp_model1_chainA_segment0_ddgp.pkl,dfs,0.0
2jyp_model1_chainA_segment0_ddgp.pkl,fbs,
5vto_model1_chainA_segment9_ddgp.pkl,dfs,
5vto_model1_chainA_segment9_ddgp.pkl,fbs,
1it4_model1_chainA_segment2_ddgp.pkl,dfs,
1it4_model1_chainA_segment2_ddgp.pkl,fbs,
2kuc_model1_chainA_segment4_ddgp.pkl,dfs,
2kuc_model1_chainA_segment4_ddgp.pkl,fbs,
2kz8_model1_chainA_segment9_ddgp.pkl,dfs,
2kz8_model1_chainA_segment9_ddgp.pkl,fbs,
2lrx_model1_chainA_segment2_ddgp.pkl,dfs,
2lrx_model1_chainA_segment2_ddgp.pkl,fbs,
5gph_model1_chainA_segment3_ddgp.pkl,dfs,
5gph_model1_chainA_segment3_ddgp.pkl,fbs,
2ks9_model1_chainA_segment16_ddgp.pkl,dfs,
2ks9_model1_chainA_segment16_ddgp.pkl,fbs,
1hov_model1_chainA_segment3_ddgp.pkl,dfs,0.0
1hov_model1_chainA_segment3_ddgp.pkl,fbs,
1jor_model1_chainA_segment1_ddgp.pkl,dfs,0.0
1jor_model1_chainA_segment1_ddgp.pkl,fbs,
1ur6_model1_chainA_segment3_ddgp.pkl,dfs,0.0
1ur6_model1_chainA_segment3_ddgp.pkl,fbs,
1vek_model1_chainA_segment1_ddgp.pkl,dfs,
1vek_model1_chainA_segment1_ddgp.pkl,fbs,
1wex_model1_chainA_segment3_ddgp.pkl,dfs,0.0006189346313476562
1wex_model1_chainA_segment3_ddgp.pkl,fbs,
2dmp_model1_chainA_segment0_ddgp.pkl,dfs,0.0
2dmp_model1_chainA_segment0_ddgp.pkl,fbs,
2iem_model1_chainA_segment4_ddgp.pkl,dfs,0.0019180774688720703
2iem_model1_chainA_segment4_ddgp.pkl,fbs,
2lyi_model1_chainA_segment0_ddgp.pkl,dfs,0.0
2lyi_model1_chainA_segment0_ddgp.pkl,fbs,
2mnw_model1_chainA_segment2_ddgp.pkl,dfs,0.00201416015625
2mnw_model1_chainA_segment2_ddgp.pkl,fbs,
2mwc_model1_chainA_segment1_ddgp.pkl,dfs,
2mwc_model1_chainA_segment1_ddgp.pkl,fbs,
6lzp_model1_chainA_segment2_ddgp.pkl,dfs,0.0
6lzp_model1_chainA_segment2_ddgp.pkl,fbs,
1ggr_model1_chainA_segment10_ddgp.pkl,dfs,
1ggr_model1_chainA_segment10_ddgp.pkl,fbs,
1gxe_model1_chainA_segment7_ddgp.pkl,dfs,0.0
1gxe_model1_chainA_segment7_ddgp.pkl,fbs,
1jor_model1_chainA_segment2_ddgp.pkl,dfs,
1jor_model1_chainA_segment2_ddgp.pkl,fbs,
1nmv_model1_chainA_segment12_ddgp.pkl,dfs,
1nmv_model1_chainA_segment12_ddgp.pkl,fbs,
1p7f_model1_chainA_segment0_ddgp.pkl,dfs,
1p7f_model1_chainA_segment0_ddgp.pkl,fbs,
1pc0_model1_chainA_segment0_ddgp.pkl,dfs,0.0
1pc0_model1_chainA_segment0_ddgp.pkl,fbs,
1sf0_model1_chainA_segment0_ddgp.pkl,dfs,0.0
1sf0_model1_chainA_segment0_ddgp.pkl,fbs,
1wmv_model1_chainA_segment1_ddgp.pkl,dfs,0.0011022090911865234
1wmv_model1_chainA_segment1_ddgp.pkl,fbs,
1x4z_model1_chainA_segment3_ddgp.pkl,dfs,
1x4z_model1_chainA_segment3_ddgp.pkl,fbs,
2cqa_model1_chainA_segment6_ddgp.pkl,dfs,0.0
2cqa_model1_chainA_segment6_ddgp.pkl,fbs,
2d9f_model1_chainA_segment1_ddgp.pkl,dfs,
2d9f_model1_chainA_segment1_ddgp.pkl,fbs,
2ga5_model1_chainA_segment6_ddgp.pkl,dfs,0.0
2ga5_model1_chainA_segment6_ddgp.pkl,fbs,
2h1z_model1_chainA_segment2_ddgp.pkl,dfs,
2h1z_model1_chainA_segment2_ddgp.pkl,fbs,
2hjq_model1_chainA_segment0_ddgp.pkl,dfs,
2hjq_model1_chainA_segment0_ddgp.pkl,fbs,
2jsx_model1_chainA_segment1_ddgp.pkl,dfs,0.0
2jsx_model1_chainA_segment1_ddgp.pkl,fbs,
2jzh_model1_chainA_segment6_ddgp.pkl,dfs,
2jzh_model1_chainA_segment6_ddgp.pkl,fbs,
2k4t_model1_chainA_segment17_ddgp.pkl,dfs,0.0
2k4t_model1_chainA_segment17_ddgp.pkl,fbs,
2kt3_model1_chainA_segment2_ddgp.pkl,dfs,0.01549839973449707
2kt3_model1_chainA_segment2_ddgp.pkl,fbs,
2l2q_model1_chainA_segment0_ddgp.pkl,dfs,0.0
2l2q_model1_chainA_segment0_ddgp.pkl,fbs,
2llr_model1_chainA_segment1_ddgp.pkl,dfs,0.0023660659790039062
2llr_model1_chainA_segment1_ddgp.pkl,fbs,
2ln7_model1_chainA_segment1_ddgp.pkl,dfs,
2ln7_model1_chainA_segment1_ddgp.pkl,fbs,
2lpv_model1_chainA_segment8_ddgp.pkl,dfs,
2lpv_model1_chainA_segment8_ddgp.pkl,fbs,
2lqj_model1_chainA_segment4_ddgp.pkl,dfs,0.0
2lqj_model1_chainA_segment4_ddgp.pkl,fbs,
2lrg_model1_chainA_segment5_ddgp.pkl,dfs,0.0
2lrg_model1_chainA_segment5_ddgp.pkl,fbs,
2lrg_model1_chainA_segment6_ddgp.pkl,dfs,0.0
2lrg_model1_chainA_segment6_ddgp.pkl,fbs,
2mwc_model1_chainA_segment0_ddgp.pkl,dfs,0.003005504608154297
2mwc_model1_chainA_segment0_ddgp.pkl,fbs,
2mwc_model1_chainA_segment8_ddgp.pkl,dfs,
2mwc_model1_chainA_segment8_ddgp.pkl,fbs,
2n0m_model1_chainA_segment8_ddgp.pkl,dfs,
2n0m_model1_chainA_segment8_ddgp.pkl,fbs,
2nd5_model1_chainA_segment1_ddgp.pkl,dfs,
2nd5_model1_chainA_segment1_ddgp.pkl,fbs,
2yrb_model1_chainA_segment0_ddgp.pkl,dfs,
2yrb_model1_chainA_segment0_ddgp.pkl,fbs,
2yt8_model1_chainA_segment0_ddgp.pkl,dfs,
2yt8_model1_chainA_segment0_ddgp.pkl,fbs,
2yur_model1_chainA_segment2_ddgp.pkl,dfs,0.007489681243896484
2yur_model1_chainA_segment2_ddgp.pkl,fbs,
5xqm_model1_chainA_segment0_ddgp.pkl,dfs,
5xqm_model1_chainA_segment0_ddgp.pkl,fbs,
6k5r_model1_chainA_segment0_ddgp.pkl,dfs,
6k5r_model1_chainA_segment0_ddgp.pkl,fbs,
7omk_model1_chainA_segment1_ddgp.pkl,dfs,
7omk_model1_chainA_segment1_ddgp.pkl,fbs,
1fhs_model1_chainA_segment3_ddgp.pkl,dfs,0.0
1fhs_model1_chainA_segment3_ddgp.pkl,fbs,
1wfi_model1_chainA_segment5_ddgp.pkl,dfs,
1wfi_model1_chainA_segment5_ddgp.pkl,fbs,
2klj_model1_chainA_segment0_ddgp.pkl,dfs,0.0
2klj_model1_chainA_segment0_ddgp.pkl,fbs,
2km2_model1_chainA_segment6_ddgp.pkl,dfs,
2km2_model1_chainA_segment6_ddgp.pkl,fbs,
2kuc_model1_chainA_segment6_ddgp.pkl,dfs,0.0
2kuc_model1_chainA_segment6_ddgp.pkl,fbs,
2mlh_model1_chainA_segment10_ddgp.pkl,dfs,
2mlh_model1_chainA_segment10_ddgp.pkl,fbs,
2mqn_model1_chainA_segment4_ddgp.pkl,dfs,0.0
2mqn_model1_chainA_segment4_ddgp.pkl,fbs,
2nnz_model1_chainA_segment9_ddgp.pkl,dfs,
2nnz_model1_chainA_segment9_ddgp.pkl,fbs,
6o22_model1_chainA_segment7_ddgp.pkl,dfs,0.0
6o22_model1_chainA_segment7_ddgp.pkl,fbs,
5jtr_model1_chainA_segment1_ddgp.pkl,dfs,
5jtr_model1_chainA_segment1_ddgp.pkl,fbs,
2a4h_model1_chainA_segment4_ddgp.pkl,dfs,
2a4h_model1_chainA_segment4_ddgp.pkl,fbs,
2mut_model1_chainA_segment4_ddgp.pkl,dfs,0.0
2mut_model1_chainA_segment4_ddgp.pkl,fbs,
2o2o_model1_chainA_segment5_ddgp.pkl,dfs,
2o2o_model1_chainA_segment5_ddgp.pkl,fbs,
1fge_model1_chainA_segment1_ddgp.pkl,dfs,0.0
1fge_model1_chainA_segment1_ddgp.pkl,fbs,
1f3y_model1_chainA_segment10_ddgp.pkl,dfs,
1f3y_model1_chainA_segment10_ddgp.pkl,fbs,
2g2b_model1_chainA_segment2_ddgp.pkl,dfs,0.004086732864379883
2g2b_model1_chainA_segment2_ddgp.pkl,fbs,
2my3_model1_chainA_segment1_ddgp.pkl,dfs,
2my3_model1_chainA_segment1_ddgp.pkl,fbs,
1t8v_model1_chainA_segment1_ddgp.pkl,dfs,
1t8v_model1_chainA_segment1_ddgp.pkl,fbs,
1x67_model1_chainA_segment0_ddgp.pkl,dfs,0.0
1x67_model1_chainA_segment0_ddgp.pkl,fbs,
1ze9_model1_chainA_segment0_ddgp.pkl,dfs,
1ze9_model1_chainA_segment0_ddgp.pkl,fbs,
2n14_model1_chainA_segment4_ddgp.pkl,dfs,
2n14_model1_chainA_segment4_ddgp.pkl,fbs,
2lf4_model1_chainA_segment12_ddgp.pkl,dfs,
2lf4_model1_chainA_segment12_ddgp.pkl,fbs,
6rsg_model1_chainA_segment1_ddgp.pkl,dfs,0.0007076263427734375
6rsg_model1_chainA_segment1_ddgp.pkl,fbs,
1rhx_model1_chainA_segment4_ddgp.pkl,dfs,0.0
1rhx_model1_chainA_segment4_ddgp.pkl,fbs,
2lyj_model1_chainA_segment3_ddgp.pkl,dfs,
2lyj_model1_chainA_segment3_ddgp.pkl,fbs,
1sxe_model1_chainA_segment0_ddgp.pkl,dfs,
1sxe_model1_chainA_segment0_ddgp.pkl,fbs,
8oh7_model1_chainA_segment5_ddgp.pkl,dfs,
8oh7_model1_chainA_segment5_ddgp.pkl,fbs,
2kb0_model1_chainA_segment5_ddgp.pkl,dfs,
2kb0_model1_chainA_segment5_ddgp.pkl,fbs,
2luy_model1_chainA_segment3_ddgp.pkl,dfs,0.0
2luy_model1_chainA_segment3_ddgp.pkl,fbs,
2nd5_model1_chainA_segment3_ddgp.pkl,dfs,0.0
2nd5_model1_chainA_segment3_ddgp.pkl,fbs,
2ctp_model1_chainA_segment3_ddgp.pkl,dfs,
2ctp_model1_chainA_segment3_ddgp.pkl,fbs,
2k3n_model1_chainA_segment2_ddgp.pkl,dfs,
2k3n_model1_chainA_segment2_ddgp.pkl,fbs,
2kx9_model1_chainA_segment3_ddgp.pkl,dfs,
2kx9_model1_chainA_segment3_ddgp.pkl,fbs,
2juf_model1_chainA_segment0_ddgp.pkl,dfs,
2juf_model1_chainA_segment0_ddgp.pkl,fbs,
2w9u_model1_chainA_segment1_ddgp.pkl,dfs,
2w9u_model1_chainA_segment1_ddgp.pkl,fbs,
2dmx_model1_chainA_segment0_ddgp.pkl,dfs,0.0
2dmx_model1_chainA_segment0_ddgp.pkl,fbs,
2mlx_model1_chainA_segment3_ddgp.pkl,dfs,
2mlx_model1_chainA_segment3_ddgp.pkl,fbs,
2kt1_model1_chainA_segment4_ddgp.pkl,dfs,
2kt1_model1_chainA_segment4_ddgp.pkl,fbs,
2kfd_model1_chainA_segment2_ddgp.pkl,dfs,
2kfd_model1_chainA_segment2_ddgp.pkl,fbs,
5n5a_model1_chainA_segment1_ddgp.pkl,dfs,
5n5a_model1_chainA_segment1_ddgp.pkl,fbs,
5utg_model1_chainA_segment2_ddgp.pkl,dfs,
5utg_model1_chainA_segment2_ddgp.pkl,fbs,
1e68_model1_chainA_segment2_ddgp.pkl,dfs,
1e68_model1_chainA_segment2_ddgp.pkl,fbs,
2kd1_model1_chainA_segment2_ddgp.pkl,dfs,
2kd1_model1_chainA_segment2_ddgp.pkl,fbs,
1fr0_model1_chainA_segment3_ddgp.pkl,dfs,
1fr0_model1_chainA_segment3_ddgp.pkl,fbs,
1i1s_model1_chainA_segment1_ddgp.pkl,dfs,
1i1s_model1_chainA_segment1_ddgp.pkl,fbs,
1pe3_model1_chain1_segment6_ddgp.pkl,dfs,
1pe3_model1_chain1_segment6_ddgp.pkl,fbs,
1tfq_model1_chainA_segment8_ddgp.pkl,dfs,
1tfq_model1_chainA_segment8_ddgp.pkl,fbs,
2krg_model1_chainA_segment7_ddgp.pkl,dfs,
2krg_model1_chainA_segment7_ddgp.pkl,fbs,
7rik_model1_chainA_segment1_ddgp.pkl,dfs,
7rik_model1_chainA_segment1_ddgp.pkl,fbs,
2k1s_model1_chainA_segment5_ddgp.pkl,dfs,
2k1s_model1_chainA_segment5_ddgp.pkl,fbs,
1ppq_model1_chainA_segment2_ddgp.pkl,dfs,0.0
1ppq_model1_chainA_segment2_ddgp.pkl,fbs,
1rhw_model1_chainA_segment3_ddgp.pkl,dfs,0.0010476112365722656
1rhw_model1_chainA_segment3_ddgp.pkl,fbs,
1u7q_model1_chainA_segment9_ddgp.pkl,dfs,0.0
1u7q_model1_chainA_segment9_ddgp.pkl,fbs,
2lnd_model1_chainA_segment6_ddgp.pkl,dfs,0.0
2lnd_model1_chainA_segment6_ddgp.pkl,fbs,
2mb7_model1_chainA_segment0_ddgp.pkl,dfs,
2mb7_model1_chainA_segment0_ddgp.pkl,fbs,
2mlx_model1_chainA_segment0_ddgp.pkl,dfs,
2mlx_model1_chainA_segment0_ddgp.pkl,fbs,
2n62_model1_chainL_segment16_ddgp.pkl,dfs,
2n62_model1_chainL_segment16_ddgp.pkl,fbs,
2z4f_model1_chainA_segment8_ddgp.pkl,dfs,
2z4f_model1_chainA_segment8_ddgp.pkl,fbs,
7lgi_model1_chainA_segment0_ddgp.pkl,dfs,
7lgi_model1_chainA_segment0_ddgp.pkl,fbs,
1xfn_model1_chainA_segment3_ddgp.pkl,dfs,
1xfn_model1_chainA_segment3_ddgp.pkl,fbs,
1ahk_model1_chainA_segment7_ddgp.pkl,dfs,
1ahk_model1_chainA_segment7_ddgp.pkl,fbs,
1jfw_model1_chainA_segment1_ddgp.pkl,dfs,
1jfw_model1_chainA_segment1_ddgp.pkl,fbs,
1ka7_model1_chainA_segment4_ddgp.pkl,dfs,
1ka7_model1_chainA_segment4_ddgp.pkl,fbs,
1l3n_model1_chainA_segment0_ddgp.pkl,dfs,0.0
1l3n_model1_chainA_segment0_ddgp.pkl,fbs,
1sjq_model1_chainA_segment3_ddgp.pkl,dfs,
1sjq_model1_chainA_segment3_ddgp.pkl,fbs,
1soy_model1_chainA_segment3_ddgp.pkl,dfs,0.0
1soy_model1_chainA_segment3_ddgp.pkl,fbs,
1whd_model1_chainA_segment0_ddgp.pkl,dfs,
1whd_model1_chainA_segment0_ddgp.pkl,fbs,
1yjj_model1_chainA_segment1_ddgp.pkl,dfs,
1yjj_model1_chainA_segment1_ddgp.pkl,fbs,
2jn3_model1_chainA_segment8_ddgp.pkl,dfs,0.0030028820037841797
2jn3_model1_chainA_segment8_ddgp.pkl,fbs,
2jqn_model1_chainA_segment5_ddgp.pkl,dfs,0.0010669231414794922
2jqn_model1_chainA_segment5_ddgp.pkl,fbs,
2k3y_model1_chainA_segment4_ddgp.pkl,dfs,0.0019922256469726562
2k3y_model1_chainA_segment4_ddgp.pkl,fbs,
2kb0_model1_chainA_segment0_ddgp.pkl,dfs,
2kb0_model1_chainA_segment0_ddgp.pkl,fbs,
2ki8_model1_chainA_segment5_ddgp.pkl,dfs,0.0
2ki8_model1_chainA_segment5_ddgp.pkl,fbs,
2l72_model1_chainA_segment4_ddgp.pkl,dfs,0.0
2l72_model1_chainA_segment4_ddgp.pkl,fbs,
2lnc_model1_chainA_segment17_ddgp.pkl,dfs,0.016755342483520508
2lnc_model1_chainA_segment17_ddgp.pkl,fbs,
2m3x_model1_chainA_segment0_ddgp.pkl,dfs,0.010511398315429688
2m3x_model1_chainA_segment0_ddgp.pkl,fbs,
2mxw_model1_chainA_segment0_ddgp.pkl,dfs,
2mxw_model1_chainA_segment0_ddgp.pkl,fbs,
2n1b_model1_chainA_segment6_ddgp.pkl,dfs,
2n1b_model1_chainA_segment6_ddgp.pkl,fbs,
2rsf_model1_chainA_segment5_ddgp.pkl,dfs,
2rsf_model1_chainA_segment5_ddgp.pkl,fbs,
6uyi_model1_chainA_segment7_ddgp.pkl,dfs,0.0
6uyi_model1_chainA_segment7_ddgp.pkl,fbs,
2mlx_model1_chainA_segment13_ddgp.pkl,dfs,0.0
2mlx_model1_chainA_segment13_ddgp.pkl,fbs,
1d3z_model1_chainA_segment0_ddgp.pkl,dfs,
1d3z_model1_chainA_segment0_ddgp.pkl,fbs,
1eio_model1_chainA_segment3_ddgp.pkl,dfs,0.0
1eio_model1_chainA_segment3_ddgp.pkl,fbs,
1g84_model1_chainA_segment2_ddgp.pkl,dfs,0.0
1g84_model1_chainA_segment2_ddgp.pkl,fbs,
1kvi_model1_chainA_segment0_ddgp.pkl,dfs,0.0
1kvi_model1_chainA_segment0_ddgp.pkl,fbs,
1nwv_model1_chainA_segment10_ddgp.pkl,dfs,
1nwv_model1_chainA_segment10_ddgp.pkl,fbs,
1ryj_model1_chainA_segment4_ddgp.pkl,dfs,
1ryj_model1_chainA_segment4_ddgp.pkl,fbs,
1u38_model1_chainA_segment2_ddgp.pkl,dfs,
1u38_model1_chainA_segment2_ddgp.pkl,fbs,
1zwm_model1_chainA_segment8_ddgp.pkl,dfs,
1zwm_model1_chainA_segment8_ddgp.pkl,fbs,
2dvj_model1_chainA_segment13_ddgp.pkl,dfs,0.0
2dvj_model1_chainA_segment13_ddgp.pkl,fbs,
2km2_model1_chainA_segment0_ddgp.pkl,dfs,0.015625476837158203
2km2_model1_chainA_segment0_ddgp.pkl,fbs,
2l12_model1_chainA_segment1_ddgp.pkl,dfs,
2l12_model1_chainA_segment1_ddgp.pkl,fbs,
2mqn_model1_chainA_segment9_ddgp.pkl,dfs,
2mqn_model1_chainA_segment9_ddgp.pkl,fbs,
2p80_model1_chainA_segment4_ddgp.pkl,dfs,0.015631437301635742
2p80_model1_chainA_segment4_ddgp.pkl,fbs,
6r8n_model1_chainA_segment11_ddgp.pkl,dfs,0.0
6r8n_model1_chainA_segment11_ddgp.pkl,fbs,
8hzq_model1_chainA_segment0_ddgp.pkl,dfs,
8hzq_model1_chainA_segment0_ddgp.pkl,fbs,
8ftx_model1_chainA_segment5_ddgp.pkl,dfs,
8ftx_model1_chainA_segment5_ddgp.pkl,fbs,
1z7t_model1_chainA_segment5_ddgp.pkl,dfs,
1z7t_model1_chainA_segment5_ddgp.pkl,fbs,
2k5l_model1_chainA_segment1_ddgp.pkl,dfs,0.015601396560668945
2k5l_model1_chainA_segment1_ddgp.pkl,fbs,
2kj6_model1_chainA_segment5_ddgp.pkl,dfs,
2kj6_model1_chainA_segment5_ddgp.pkl,fbs,
2m9p_model1_chainA_segment1_ddgp.pkl,dfs,
2m9p_model1_chainA_segment1_ddgp.pkl,fbs,
2oi3_model1_chainA_segment3_ddgp.pkl,dfs,
2oi3_model1_chainA_segment3_ddgp.pkl,fbs,
7bqs_model1_chainA_segment6_ddgp.pkl,dfs,
7bqs_model1_chainA_segment6_ddgp.pkl,fbs,
7k3s_model1_chainA_segment1_ddgp.pkl,dfs,
7k3s_model1_chainA_segment1_ddgp.pkl,fbs,
2js3_model1_chainA_segment5_ddgp.pkl,dfs,
2js3_model1_chainA_segment5_ddgp.pkl,fbs,
2lkm_model1_chainA_segment4_ddgp.pkl,dfs,
2lkm_model1_chainA_segment4_ddgp.pkl,fbs,
2btx_model1_chainA_segment0_ddgp.pkl,dfs,0.0
2btx_model1_chainA_segment0_ddgp.pkl,fbs,
1z7r_model1_chainA_segment1_ddgp.pkl,dfs,0.0
1z7r_model1_chainA_segment1_ddgp.pkl,fbs,
2lnc_model1_chainA_segment1_ddgp.pkl,dfs,
2lnc_model1_chainA_segment1_ddgp.pkl,fbs,
8ciq_model1_chainA_segment2_ddgp.pkl,dfs,
8ciq_model1_chainA_segment2_ddgp.pkl,fbs,
2mm8_model1_chainA_segment1_ddgp.pkl,dfs,0.0
2mm8_model1_chainA_segment1_ddgp.pkl,fbs,
2n04_model1_chainA_segment0_ddgp.pkl,dfs,
2n04_model1_chainA_segment0_ddgp.pkl,fbs,
1iry_model1_chainA_segment13_ddgp.pkl,dfs,
1iry_model1_chainA_segment13_ddgp.pkl,fbs,
1adx_model1_chainA_segment0_ddgp.pkl,dfs,
1adx_model1_chainA_segment0_ddgp.pkl,fbs,
2jq4_model1_chainA_segment3_ddgp.pkl,dfs,
2jq4_model1_chainA_segment3_ddgp.pkl,fbs,
1bfi_model1_chainA_segment0_ddgp.pkl,dfs,
1bfi_model1_chainA_segment0_ddgp.pkl,fbs,
2jnk_model1_chainA_segment2_ddgp.pkl,dfs,0.0
2jnk_model1_chainA_segment2_ddgp.pkl,fbs,
2mu3_model1_chainA_segment5_ddgp.pkl,dfs,
2mu3_model1_chainA_segment5_ddgp.pkl,fbs,
2lrt_model1_chainA_segment2_ddgp.pkl,dfs,
2lrt_model1_chainA_segment2_ddgp.pkl,fbs,
2klf_model1_chainA_segment10_ddgp.pkl,dfs,
2klf_model1_chainA_segment10_ddgp.pkl,fbs,
2n04_model1_chainA_segment5_ddgp.pkl,dfs,
2n04_model1_chainA_segment5_ddgp.pkl,fbs,
2lrc_model1_chainA_segment5_ddgp.pkl,dfs,
2lrc_model1_chainA_segment5_ddgp.pkl,fbs,
2jm0_model1_chainA_segment1_ddgp.pkl,dfs,
2jm0_model1_chainA_segment1_ddgp.pkl,fbs,
1nct_model1_chainA_segment2_ddgp.pkl,dfs,0.0
1nct_model1_chainA_segment2_ddgp.pkl,fbs,
2g9o_model1_chainA_segment3_ddgp.pkl,dfs,
2g9o_model1_chainA_segment3_ddgp.pkl,fbs,
2jqy_model1_chainA_segment4_ddgp.pkl,dfs,0.0
2jqy_model1_chainA_segment4_ddgp.pkl,fbs,
2kgl_model1_chainA_segment4_ddgp.pkl,dfs,
2kgl_model1_chainA_segment4_ddgp.pkl,fbs,
2lf2_model1_chainA_segment10_ddgp.pkl,dfs,
2lf2_model1_chainA_segment10_ddgp.pkl,fbs,
2vda_model1_chainA_segment33_ddgp.pkl,dfs,
2vda_model1_chainA_segment33_ddgp.pkl,fbs,
2yud_model1_chainA_segment3_ddgp.pkl,dfs,0.0
2yud_model1_chainA_segment3_ddgp.pkl,fbs,
1bvh_model1_chainA_segment4_ddgp.pkl,dfs,0.0
1bvh_model1_chainA_segment4_ddgp.pkl,fbs,
1y3k_model1_chainA_segment5_ddgp.pkl,dfs,
1y3k_model1_chainA_segment5_ddgp.pkl,fbs,
2k3m_model1_chainA_segment5_ddgp.pkl,dfs,
2k3m_model1_chainA_segment5_ddgp.pkl,fbs,
5tgw_model1_chainA_segment0_ddgp.pkl,dfs,
5tgw_model1_chainA_segment0_ddgp.pkl,fbs,
1esx_model1_chainA_segment7_ddgp.pkl,dfs,0.015518665313720703
1esx_model1_chainA_segment7_ddgp.pkl,fbs,
6n2m_model1_chainA_segment6_ddgp.pkl,dfs,
6n2m_model1_chainA_segment6_ddgp.pkl,fbs,
1w4u_model1_chainA_segment4_ddgp.pkl,dfs,0.0
1w4u_model1_chainA_segment4_ddgp.pkl,fbs,
2ko3_model1_chainA_segment5_ddgp.pkl,dfs,
2ko3_model1_chainA_segment5_ddgp.pkl,fbs,
2l04_model1_chainA_segment3_ddgp.pkl,dfs,0.01560831069946289
2l04_model1_chainA_segment3_ddgp.pkl,fbs,
2lle_model1_chainA_segment19_ddgp.pkl,dfs,0.011626243591308594
2lle_model1_chainA_segment19_ddgp.pkl,fbs,
2m3t_model1_chainA_segment11_ddgp.pkl,dfs,0.0
2m3t_model1_chainA_segment11_ddgp.pkl,fbs,
2mhg_model1_chainA_segment2_ddgp.pkl,dfs,0.01563239097595215
2mhg_model1_chainA_segment2_ddgp.pkl,fbs,
2mwc_model1_chainA_segment6_ddgp.pkl,dfs,
2mwc_model1_chainA_segment6_ddgp.pkl,fbs,
2ndg_model1_chainA_segment2_ddgp.pkl,dfs,0.0
2ndg_model1_chainA_segment2_ddgp.pkl,fbs,
6y4h_model1_chainA_segment4_ddgp.pkl,dfs,
6y4h_model1_chainA_segment4_ddgp.pkl,fbs,
7d8k_model1_chainA_segment1_ddgp.pkl,dfs,0.0
7d8k_model1_chainA_segment1_ddgp.pkl,fbs,
1k8h_model1_chainA_segment3_ddgp.pkl,dfs,
1k8h_model1_chainA_segment3_ddgp.pkl,fbs,
1whq_model1_chainA_segment0_ddgp.pkl,dfs,
1whq_model1_chainA_segment0_ddgp.pkl,fbs,
2n3t_model1_chainA_segment8_ddgp.pkl,dfs,
2n3t_model1_chainA_segment8_ddgp.pkl,fbs,
1k8o_model1_chainA_segment0_ddgp.pkl,dfs,
1k8o_model1_chainA_segment0_ddgp.pkl,fbs,
1pmc_model1_chainA_segment2_ddgp.pkl,dfs,0.0
1pmc_model1_chainA_segment2_ddgp.pkl,fbs,
1wfs_model1_chainA_segment0_ddgp.pkl,dfs,
1wfs_model1_chainA_segment0_ddgp.pkl,fbs,
2a0a_model1_chainA_segment5_ddgp.pkl,dfs,
2a0a_model1_chainA_segment5_ddgp.pkl,fbs,
2ctt_model1_chainA_segment0_ddgp.pkl,dfs,
2ctt_model1_chainA_segment0_ddgp.pkl,fbs,
2e5e_model1_chainA_segment0_ddgp.pkl,dfs,0.01554560661315918
2e5e_model1_chainA_segment0_ddgp.pkl,fbs,
2eyx_model1_chainA_segment1_ddgp.pkl,dfs,0.0
2eyx_model1_chainA_segment1_ddgp.pkl,fbs,
2jx9_model1_chainA_segment3_ddgp.pkl,dfs,0.0
2jx9_model1_chainA_segment3_ddgp.pkl,fbs,
2klf_model1_chainA_segment16_ddgp.pkl,dfs,0.0
2klf_model1_chainA_segment16_ddgp.pkl,fbs,
2l0a_model1_chainA_segment1_ddgp.pkl,dfs,0.0
2l0a_model1_chainA_segment1_ddgp.pkl,fbs,
2leg_model1_chainA_segment2_ddgp.pkl,dfs,0.0
2leg_model1_chainA_segment2_ddgp.pkl,fbs,
2lg7_model1_chainA_segment1_ddgp.pkl,dfs,
2lg7_model1_chainA_segment1_ddgp.pkl,fbs,
2lxp_model1_chainA_segment4_ddgp.pkl,dfs,
2lxp_model1_chainA_segment4_ddgp.pkl,fbs,
2mjw_model1_chainA_segment0_ddgp.pkl,dfs,
2mjw_model1_chainA_segment0_ddgp.pkl,fbs,
5ghd_model1_chainA_segment4_ddgp.pkl,dfs,0.0
5ghd_model1_chainA_segment4_ddgp.pkl,fbs,
5jdp_model1_chainA_segment20_ddgp.pkl,dfs,
5jdp_model1_chainA_segment20_ddgp.pkl,fbs,
6xrg_model1_chainA_segment7_ddgp.pkl,dfs,0.0
6xrg_model1_chainA_segment7_ddgp.pkl,fbs,
1r36_model1_chainA_segment6_ddgp.pkl,dfs,
1r36_model1_chainA_segment6_ddgp.pkl,fbs,
2ctf_model1_chainA_segment6_ddgp.pkl,dfs,
2ctf_model1_chainA_segment6_ddgp.pkl,fbs,
6gig_model1_chainA_segment2_ddgp.pkl,dfs,
6gig_model1_chainA_segment2_ddgp.pkl,fbs,
1fa4_model1_chainA_segment3_ddgp.pkl,dfs,0.01573491096496582
1fa4_model1_chainA_segment3_ddgp.pkl,fbs,
1nee_model1_chainA_segment8_ddgp.pkl,dfs,
1nee_model1_chainA_segment8_ddgp.pkl,fbs,
1wit_model1_chainA_segment6_ddgp.pkl,dfs,
1wit_model1_chainA_segment6_ddgp.pkl,fbs,
1zsg_model1_chainA_segment1_ddgp.pkl,dfs,
1zsg_model1_chainA_segment1_ddgp.pkl,fbs,
2e5g_model1_chainA_segment2_ddgp.pkl,dfs,
2e5g_model1_chainA_segment2_ddgp.pkl,fbs,
2eqm_model1_chainA_segment3_ddgp.pkl,dfs,0.0019452571868896484
2eqm_model1_chainA_segment3_ddgp.pkl,fbs,
2l3q_model1_chainA_segment2_ddgp.pkl,dfs,0.005111217498779297
2l3q_model1_chainA_segment2_ddgp.pkl,fbs,
2loz_model1_chainA_segment3_ddgp.pkl,dfs,
2loz_model1_chainA_segment3_ddgp.pkl,fbs,
2mh9_model1_chainA_segment6_ddgp.pkl,dfs,
2mh9_model1_chainA_segment6_ddgp.pkl,fbs,
2ndg_model1_chainA_segment6_ddgp.pkl,dfs,0.008001327514648438
2ndg_model1_chainA_segment6_ddgp.pkl,fbs,
2n9c_model1_chainA_segment0_ddgp.pkl,dfs,0.007992982864379883
2n9c_model1_chainA_segment0_ddgp.pkl,fbs,
1hpk_model1_chainA_segment2_ddgp.pkl,dfs,
1hpk_model1_chainA_segment2_ddgp.pkl,fbs,
2n6p_model1_chainA_segment3_ddgp.pkl,dfs,0.003000497817993164
2n6p_model1_chainA_segment3_ddgp.pkl,fbs,
1dum_model1_chainA_segment0_ddgp.pkl,dfs,
1dum_model1_chainA_segment0_ddgp.pkl,fbs,
1foy_model1_chainA_segment1_ddgp.pkl,dfs,
1foy_model1_chainA_segment1_ddgp.pkl,fbs,
2l4q_model1_chainA_segment1_ddgp.pkl,dfs,
2l4q_model1_chainA_segment1_ddgp.pkl,fbs,
4axp_model1_chainA_segment2_ddgp.pkl,dfs,0.0019812583923339844
4axp_model1_chainA_segment2_ddgp.pkl,fbs,
1wh3_model1_chainA_segment3_ddgp.pkl,dfs,
1wh3_model1_chainA_segment3_ddgp.pkl,fbs,
1z2e_model1_chainA_segment1_ddgp.pkl,dfs,0.002021312713623047
1z2e_model1_chainA_segment1_ddgp.pkl,fbs,
2k3m_model1_chainA_segment1_ddgp.pkl,dfs,
2k3m_model1_chainA_segment1_ddgp.pkl,fbs,
2kw7_model1_chainA_segment10_ddgp.pkl,dfs,
2kw7_model1_chainA_segment10_ddgp.pkl,fbs,
6zyg_model1_chainA_segment7_ddgp.pkl,dfs,
6zyg_model1_chainA_segment7_ddgp.pkl,fbs,
8uoz_model1_chainA_segment6_ddgp.pkl,dfs,
8uoz_model1_chainA_segment6_ddgp.pkl,fbs,
6kcz_model1_chainA_segment4_ddgp.pkl,dfs,
6kcz_model1_chainA_segment4_ddgp.pkl,fbs,
1aty_model1_chainA_segment0_ddgp.pkl,dfs,
1aty_model1_chainA_segment0_ddgp.pkl,fbs,
2hji_model1_chainA_segment0_ddgp.pkl,dfs,0.0
2hji_model1_chainA_segment0_ddgp.pkl,fbs,
2n32_model1_chainA_segment5_ddgp.pkl,dfs,0.0
2n32_model1_chainA_segment5_ddgp.pkl,fbs,
2ae9_model1_chainA_segment1_ddgp.pkl,dfs,
2ae9_model1_chainA_segment1_ddgp.pkl,fbs,
1a90_model1_chainA_segment4_ddgp.pkl,dfs,
1a90_model1_chainA_segment4_ddgp.pkl,fbs,
2jtq_model1_chainA_segment5_ddgp.pkl,dfs,
2jtq_model1_chainA_segment5_ddgp.pkl,fbs,
2m9p_model1_chainA_segment8_ddgp.pkl,dfs,0.004029989242553711
2m9p_model1_chainA_segment8_ddgp.pkl,fbs,
1tnt_model1_chainA_segment5_ddgp.pkl,dfs,
1tnt_model1_chainA_segment5_ddgp.pkl,fbs,
2kxi_model1_chainA_segment7_ddgp.pkl,dfs,0.0
2kxi_model1_chainA_segment7_ddgp.pkl,fbs,
2kgi_model1_chainA_segment2_ddgp.pkl,dfs,
2kgi_model1_chainA_segment2_ddgp.pkl,fbs,
1dgv_model1_chainA_segment10_ddgp.pkl,dfs,
1dgv_model1_chainA_segment10_ddgp.pkl,fbs,
2d9d_model1_chainA_segment2_ddgp.pkl,dfs,
2d9d_model1_chainA_segment2_ddgp.pkl,fbs,
7wei_model1_chainA_segment1_ddgp.pkl,dfs,0.003017425537109375
7wei_model1_chainA_segment1_ddgp.pkl,fbs,
1y5c_model1_chainA_segment0_ddgp.pkl,dfs,
1y5c_model1_chainA_segment0_ddgp.pkl,fbs,
1fry_model1_chainA_segment3_ddgp.pkl,dfs,
1fry_model1_chainA_segment3_ddgp.pkl,fbs,
2kks_model1_chainA_segment8_ddgp.pkl,dfs,
2kks_model1_chainA_segment8_ddgp.pkl,fbs,
6gij_model1_chainA_segment1_ddgp.pkl,dfs,
6gij_model1_chainA_segment1_ddgp.pkl,fbs,
2loz_model1_chainA_segment0_ddgp.pkl,dfs,
2loz_model1_chainA_segment0_ddgp.pkl,fbs,
2mu3_model1_chainA_segment4_ddgp.pkl,dfs,
2mu3_model1_chainA_segment4_ddgp.pkl,fbs,
2n5t_model1_chainA_segment19_ddgp.pkl,dfs,
2n5t_model1_chainA_segment19_ddgp.pkl,fbs,
7hsc_model1_chainA_segment7_ddgp.pkl,dfs,
7hsc_model1_chainA_segment7_ddgp.pkl,fbs,
7pvc_model1_chainA_segment7_ddgp.pkl,dfs,
7pvc_model1_chainA_segment7_ddgp.pkl,fbs,
2k3o_model1_chainA_segment6_ddgp.pkl,dfs,
2k3o_model1_chainA_segment6_ddgp.pkl,fbs,
1j8k_model1_chainA_segment2_ddgp.pkl,dfs,
1j8k_model1_chainA_segment2_ddgp.pkl,fbs,
1msz_model1_chainA_segment3_ddgp.pkl,dfs,0.0005056858062744141
1msz_model1_chainA_segment3_ddgp.pkl,fbs,
1wit_model1_chainA_segment7_ddgp.pkl,dfs,0.004113435745239258
1wit_model1_chainA_segment7_ddgp.pkl,fbs,
2mvz_model1_chainA_segment13_ddgp.pkl,dfs,
2mvz_model1_chainA_segment13_ddgp.pkl,fbs,
2yrb_model1_chainA_segment5_ddgp.pkl,dfs,
2yrb_model1_chainA_segment5_ddgp.pkl,fbs,
2aj1_model1_chainA_segment4_ddgp.pkl,dfs,0.0
2aj1_model1_chainA_segment4_ddgp.pkl,fbs,
